0,-0.5,-0.5,-0.1,-0.1,0,-0.0997199,-0.1
0,-0.5,-0.5,-0.1,0,0,-0.102042,-0.000813255
0,-0.5,-0.5,-0.1,0.1,0,-0.103213,0.0952594
0,-0.5,-0.5,0,-0.1,0,-0.00271525,-0.10022
0,-0.5,-0.5,0,0,0,-0.00401023,-0.00284641
0,-0.5,-0.5,0,0.1,0,-0.00518762,0.0937871
0,-0.5,-0.5,0.1,-0.1,0,0.0944827,-0.102011
0,-0.5,-0.5,0.1,0,0,0.0937891,-0.00518009
0,-0.5,-0.5,0.1,0.1,0,0.0918545,0.0957703
0,-0.5,-0.4,-0.1,-0.1,0,-0.097102,-0.100004
0,-0.5,-0.4,-0.1,0,0,-0.0997199,2.63481e-09
0,-0.5,-0.4,-0.1,0.1,0,-0.102047,0.0992099
0,-0.5,-0.4,0,-0.1,0,-0.000580618,-0.1
0,-0.5,-0.4,0,0,0,-0.00271437,-0.000226355
0,-0.5,-0.4,0,0.1,0,-0.0039969,0.0971373
0,-0.5,-0.4,0.1,-0.1,0,0.0955266,-0.100288
0,-0.5,-0.4,0.1,0,0,0.0944781,-0.00199581
0,-0.5,-0.4,0.1,0.1,0,0.0937941,0.0948114
0,-0.5,-0.3,-0.1,-0.1,0,-0.0947673,-0.0993496
0,-0.5,-0.3,-0.1,0,0,-0.0971144,7.18987e-05
0,-0.5,-0.3,-0.1,0.1,0,-0.0997211,0.1
0,-0.5,-0.3,0,-0.1,0,0.00183795,-0.1
0,-0.5,-0.3,0,0,0,-0.000581208,1.74222e-10
0,-0.5,-0.3,0,0.1,0,-0.0027193,0.0997726
0,-0.5,-0.3,0.1,-0.1,0,0.0966516,-0.0999997
0,-0.5,-0.3,0.1,0,0,0.0955427,-0.00031107
0,-0.5,-0.3,0.1,0.1,0,0.094481,0.0979911
0,-0.5,-0.2,-0.1,-0.1,0,-0.0918884,-0.10005
0,-0.5,-0.2,-0.1,0,0,-0.094765,0.000663208
0,-0.5,-0.2,-0.1,0.1,0,-0.0971057,0.100064
0,-0.5,-0.2,0,-0.1,0,0.00360595,-0.1
0,-0.5,-0.2,0,0,0,0.00183801,1.65044e-08
0,-0.5,-0.2,0,0.1,0,-0.00058075,0.1
0,-0.5,-0.2,0.1,-0.1,0,0.0978166,-0.1
0,-0.5,-0.2,0.1,0,0,0.0966505,2.48478e-07
0,-0.5,-0.2,0.1,0.1,0,0.0955323,0.0996922
0,-0.5,-0.1,-0.1,-0.1,0,-0.0895523,-0.1
0,-0.5,-0.1,-0.1,0,0,-0.0918384,-4.58763e-05
0,-0.5,-0.1,-0.1,0.1,0,-0.0947713,0.100661
0,-0.5,-0.1,0,-0.1,0,0.00433922,-0.0999999
0,-0.5,-0.1,0,0,0,0.00360589,1.76824e-08
0,-0.5,-0.1,0,0.1,0,0.00184079,0.1
0,-0.5,-0.1,0.1,-0.1,0,0.0982805,-0.0999999
0,-0.5,-0.1,0.1,0,0,0.0978201,1.21994e-09
0,-0.5,-0.1,0.1,0.1,0,0.096658,0.1
0,-0.5,0,-0.1,-0.1,0,-0.0917898,-0.100011
0,-0.5,0,-0.1,0,0,-0.0895522,-3.18484e-13
0,-0.5,0,-0.1,0.1,0,-0.0918722,0.0999603
0,-0.5,0,0,-0.1,0,0.00360603,-0.1
0,-0.5,0,0,0,0,0.00433938,-5.19805e-13
0,-0.5,0,0,0.1,0,0.00360589,0.1
0,-0.5,0,0.1,-0.1,0,0.0978178,-0.1
0,-0.5,0,0.1,0,0,0.098279,2.29022e-13
0,-0.5,0,0.1,0.1,0,0.0978146,0.1
0,-0.5,0.1,-0.1,-0.1,0,-0.0947343,-0.100866
0,-0.5,0.1,-0.1,0,0,-0.0917994,1.92433e-05
0,-0.5,0.1,-0.1,0.1,0,-0.0895506,0.0999999
0,-0.5,0.1,0,-0.1,0,0.00183548,-0.1
0,-0.5,0.1,0,0,0,0.00360595,-3.08467e-08
0,-0.5,0.1,0,0.1,0,0.00433928,0.1
0,-0.5,0.1,0.1,-0.1,0,0.0966557,-0.1
0,-0.5,0.1,0.1,0,0,0.0978178,-1.18329e-09
0,-0.5,0.1,0.1,0.1,0,0.0982791,0.1
0,-0.5,0.2,-0.1,-0.1,0,-0.0970886,-0.100201
0,-0.5,0.2,-0.1,0,0,-0.0947358,-0.000882707
0,-0.5,0.2,-0.1,0.1,0,-0.0918159,0.100037
0,-0.5,0.2,0,-0.1,0,-0.000581413,-0.1
0,-0.5,0.2,0,0,0,0.00183548,-2.41402e-08
0,-0.5,0.2,0,0.1,0,0.00360582,0.1
0,-0.5,0.2,0.1,-0.1,0,0.0955537,-0.0998141
0,-0.5,0.2,0.1,0,0,0.0966534,-1.81074e-07
0,-0.5,0.2,0.1,0.1,0,0.0978178,0.1
0,-0.5,0.3,-0.1,-0.1,0,-0.099721,-0.1
0,-0.5,0.3,-0.1,0,0,-0.0970955,-0.000200902
0,-0.5,0.3,-0.1,0.1,0,-0.0947291,0.0991261
0,-0.5,0.3,0,-0.1,0,-0.00270901,-0.0999315
0,-0.5,0.3,0,0,0,-0.00058212,8.80934e-10
0,-0.5,0.3,0,0.1,0,0.0018355,0.1
0,-0.5,0.3,0.1,-0.1,0,0.094725,-0.0977864
0,-0.5,0.3,0.1,0,0,0.0955635,0.000189677
0,-0.5,0.3,0.1,0.1,0,0.0966475,0.0999998
0,-0.5,0.4,-0.1,-0.1,0,-0.102039,-0.0993313
0,-0.5,0.4,-0.1,0,0,-0.0997211,-2.64103e-09
0,-0.5,0.4,-0.1,0.1,0,-0.0970808,0.0998126
0,-0.5,0.4,0,-0.1,0,-0.0039354,-0.0970568
0,-0.5,0.4,0,0,0,-0.00270776,8.95199e-05
0,-0.5,0.4,0,0.1,0,-0.000581428,0.1
0,-0.5,0.4,0.1,-0.1,0,0.093766,-0.0949161
0,-0.5,0.4,0.1,0,0,0.0947285,0.00219951
0,-0.5,0.4,0.1,0.1,0,0.0955687,0.100202
0,-0.5,0.5,-0.1,-0.1,0,-0.103179,-0.0953055
0,-0.5,0.5,-0.1,0,0,-0.10204,0.000672541
0,-0.5,0.5,-0.1,0.1,0,-0.099721,0.1
0,-0.5,0.5,0,-0.1,0,-0.00515101,-0.0938481
0,-0.5,0.5,0,0,0,-0.00391545,0.00292669
0,-0.5,0.5,0,0.1,0,-0.00270312,0.100128
0,-0.5,0.5,0.1,-0.1,0,0.0924665,-0.0925095
0,-0.5,0.5,0.1,0,0,0.0937501,0.0050737
0,-0.5,0.5,0.1,0.1,0,0.0947299,0.102205
0,-0.4,-0.5,-0.1,-0.1,0,-0.0979907,-0.0992105
0,-0.4,-0.5,-0.1,0,0,-0.100315,1.15411e-08
0,-0.4,-0.5,-0.1,0.1,0,-0.101913,0.0976294
0,-0.4,-0.5,0,-0.1,0,0.000280052,-0.1
0,-0.4,-0.5,0,0,0,-0.00204461,-0.000785806
0,-0.4,-0.5,0,0.1,0,-0.00321657,0.0953105
0,-0.4,-0.5,0.1,-0.1,0,0.0972806,-0.100217
0,-0.4,-0.5,0.1,0,0,0.0959736,-0.002807
0,-0.4,-0.5,0.1,0.1,0,0.0948061,0.0937901
0,-0.4,-0.4,-0.1,-0.1,0,-0.0958737,-0.0965927
0,-0.4,-0.4,-0.1,0,0,-0.0979905,0.000787723
0,-0.4,-0.4,-0.1,0.1,0,-0.100318,0.1
0,-0.4,-0.4,0,-0.1,0,0.00290144,-0.099945
0,-0.4,-0.4,0,0,0,0.000280029,2.63467e-09
0,-0.4,-0.4,0,0.1,0,-0.00204569,0.0992324
0,-0.4,-0.4,0.1,-0.1,0,0.0994205,-0.1
0,-0.4,-0.4,0.1,0,0,0.0972813,-0.000229325
0,-0.4,-0.4,0.1,0.1,0,0.0959824,0.0971746
0,-0.4,-0.3,-0.1,-0.1,0,-0.0931768,-0.0956765
0,-0.4,-0.3,-0.1,0,0,-0.0958655,0.00340618
0,-0.4,-0.3,-0.1,0.1,0,-0.0979875,0.100789
0,-0.4,-0.3,0,-0.1,0,0.00524087,-0.0993375
0,-0.4,-0.3,0,0,0,0.00290484,5.8228e-05
0,-0.4,-0.3,0,0.1,0,0.000279912,0.1
0,-0.4,-0.3,0.1,-0.1,0,0.101841,-0.1
0,-0.4,-0.3,0.1,0,0,0.0994209,2.57528e-10
0,-0.4,-0.3,0.1,0.1,0,0.0972863,0.0997516
0,-0.4,-0.2,-0.1,-0.1,0,-0.0907538,-0.0970146
0,-0.4,-0.2,-0.1,0,0,-0.0931673,0.00431349
0,-0.4,-0.2,-0.1,0.1,0,-0.0958712,0.103417
0,-0.4,-0.2,0,-0.1,0,0.0081707,-0.100046
0,-0.4,-0.2,0,0,0,0.0052186,0.000677445
0,-0.4,-0.2,0,0.1,0,0.00289404,0.100053
0,-0.4,-0.2,0.1,-0.1,0,0.103607,-0.1
0,-0.4,-0.2,0.1,0,0,0.101838,1.79032e-08
0,-0.4,-0.2,0.1,0.1,0,0.0994204,0.1
0,-0.4,-0.1,-0.1,-0.1,0,-0.0834975,-0.1
0,-0.4,-0.1,-0.1,0,0,-0.090763,0.00299578
0,-0.4,-0.1,-0.1,0.1,0,-0.0931596,0.104322
0,-0.4,-0.1,0,-0.1,0,0.0104485,-0.1
0,-0.4,-0.1,0,0,0,0.00816922,-4.71096e-05
0,-0.4,-0.1,0,0.1,0,0.00522538,0.100672
0,-0.4,-0.1,0.1,-0.1,0,0.104341,-0.0999999
0,-0.4,-0.1,0.1,0,0,0.103619,2.58635e-09
0,-0.4,-0.1,0.1,0.1,0,0.101838,0.1
0,-0.4,0,-0.1,-0.1,0,-0.090176,-0.103181
0,-0.4,0,-0.1,0,0,-0.0834975,-5.42158e-13
0,-0.4,0,-0.1,0.1,0,-0.0907622,0.102997
0,-0.4,0,0,-0.1,0,0.00820603,-0.0999851
0,-0.4,0,0,0,0,0.0104485,-3.52379e-13
0,-0.4,0,0,0.1,0,0.00811142,0.0999503
0,-0.4,0,0.1,-0.1,0,0.103607,-0.1
0,-0.4,0,0.1,0,0,0.10434,6.58357e-13
0,-0.4,0,0.1,0.1,0,0.103607,0.1
0,-0.4,0.1,-0.1,-0.1,0,-0.0930186,-0.104081
0,-0.4,0.1,-0.1,0,0,-0.0901829,-0.00317967
0,-0.4,0.1,-0.1,0.1,0,-0.0834973,0.0999999
0,-0.4,0.1,0,-0.1,0,0.00526487,-0.100876
0,-0.4,0.1,0,0,0,0.00820144,3.34883e-05
0,-0.4,0.1,0,0.1,0,0.0104485,0.0999999
0,-0.4,0.1,0.1,-0.1,0,0.101842,-0.1
0,-0.4,0.1,0.1,0,0,0.103607,-3.09538e-08
0,-0.4,0.1,0.1,0.1,0,0.10434,0.1
0,-0.4,0.2,-0.1,-0.1,0,-0.0956918,-0.103214
0,-0.4,0.2,-0.1,0,0,-0.0930158,-0.00407442
0,-0.4,0.2,-0.1,0.1,0,-0.0901557,0.0968147
0,-0.4,0.2,0,-0.1,0,0.00292453,-0.100187
0,-0.4,0.2,0,0,0,0.00527883,-0.000877343
0,-0.4,0.2,0,0.1,0,0.00825105,0.100037
0,-0.4,0.2,0.1,-0.1,0,0.09942,-0.1
0,-0.4,0.2,0.1,0,0,0.101835,-2.4114e-08
0,-0.4,0.2,0.1,0.1,0,0.103611,0.1
0,-0.4,0.3,-0.1,-0.1,0,-0.0979772,-0.100927
0,-0.4,0.3,-0.1,0,0,-0.0957162,-0.00323715
0,-0.4,0.3,-0.1,0.1,0,-0.0930154,0.0959249
0,-0.4,0.3,0,-0.1,0,0.0002802,-0.1
0,-0.4,0.3,0,0,0,0.00291911,-0.000176436
0,-0.4,0.3,0,0.1,0,0.00527216,0.0991322
0,-0.4,0.3,0.1,-0.1,0,0.0973023,-0.0999143
0,-0.4,0.3,0.1,0,0,0.0994195,1.16416e-09
0,-0.4,0.3,0.1,0.1,0,0.101838,0.1
0,-0.4,0.4,-0.1,-0.1,0,-0.100318,-0.1
0,-0.4,0.4,-0.1,0,0,-0.0979721,-0.00092766
0,-0.4,0.4,-0.1,0.1,0,-0.0957109,0.0967469
0,-0.4,0.4,0,-0.1,0,-0.00204564,-0.0993362
0,-0.4,0.4,0,0,0,0.000280104,-2.64121e-09
0,-0.4,0.4,0,0.1,0,0.00291159,0.099801
0,-0.4,0.4,0.1,-0.1,0,0.0960608,-0.0970837
0,-0.4,0.4,0.1,0,0,0.0973031,0.000108603
0,-0.4,0.4,0.1,0.1,0,0.0994195,0.1
0,-0.4,0.5,-0.1,-0.1,0,-0.101855,-0.0975124
0,-0.4,0.5,-0.1,0,0,-0.100317,-1.66436e-08
0,-0.4,0.5,-0.1,0.1,0,-0.0979759,0.0990621
0,-0.4,0.5,0,-0.1,0,-0.00317111,-0.0953129
0,-0.4,0.5,0,0,0,-0.00203785,0.000659062
0,-0.4,0.5,0,0.1,0,0.000280098,0.1
0,-0.4,0.5,0.1,-0.1,0,0.0948212,-0.093833
0,-0.4,0.5,0.1,0,0,0.0960528,0.00289657
0,-0.4,0.5,0.1,0.1,0,0.0972946,0.10011
0,-0.3,-0.5,-0.1,-0.1,0,-0.0978429,-0.0961093
0,-0.3,-0.5,-0.1,0,0,-0.0992973,-3.58966e-06
0,-0.3,-0.5,-0.1,0.1,0,-0.100894,0.0990123
0,-0.3,-0.5,0,-0.1,0,0.00201328,-0.0992117
0,-0.3,-0.5,0,0,0,-0.000316258,1.08272e-08
0,-0.3,-0.5,0,0.1,0,-0.00190789,0.0976068
0,-0.3,-0.5,0.1,-0.1,0,0.100279,-0.1
0,-0.3,-0.5,0.1,0,0,0.0979489,-0.000780824
0,-0.3,-0.5,0.1,0.1,0,0.0967974,0.0952362
0,-0.3,-0.4,-0.1,-0.1,0,-0.0954973,-0.0934445
0,-0.3,-0.4,-0.1,0,0,-0.097831,0.00388879
0,-0.3,-0.4,-0.1,0.1,0,-0.0992973,0.0999964
0,-0.3,-0.4,0,-0.1,0,0.00412937,-0.0965849
0,-0.3,-0.4,0,0,0,0.00201828,0.000783014
0,-0.3,-0.4,0,0.1,0,-0.00031577,0.1
0,-0.3,-0.4,0.1,-0.1,0,0.10289,-0.0999387
0,-0.3,-0.4,0.1,0,0,0.100279,2.63491e-09
0,-0.3,-0.4,0.1,0.1,0,0.0979467,0.0992163
0,-0.3,-0.3,-0.1,-0.1,0,-0.0928753,-0.0953474
0,-0.3,-0.3,-0.1,0,0,-0.0955182,0.00656173
0,-0.3,-0.3,-0.1,0.1,0,-0.0978145,0.103895
0,-0.3,-0.3,0,-0.1,0,0.00682789,-0.0956876
0,-0.3,-0.3,0,0,0,0.00412786,0.00342494
0,-0.3,-0.3,0,0.1,0,0.002016,0.100777
0,-0.3,-0.3,0.1,-0.1,0,0.10523,-0.0993449
0,-0.3,-0.3,0.1,0,0,0.102899,1.28884e-05
0,-0.3,-0.3,0.1,0.1,0,0.10028,0.1
0,-0.3,-0.2,-0.1,-0.1,0,-0.0911374,-0.0963541
0,-0.3,-0.2,-0.1,0,0,-0.0928337,0.00463052
0,-0.3,-0.2,-0.1,0.1,0,-0.0955212,0.106579
0,-0.3,-0.2,0,-0.1,0,0.00927533,-0.0970256
0,-0.3,-0.2,0,0,0,0.0067955,0.00433784
0,-0.3,-0.2,0,0.1,0,0.00415298,0.10339
0,-0.3,-0.2,0.1,-0.1,0,0.108167,-0.100046
0,-0.3,-0.2,0.1,0,0,0.105228,0.000658953
0,-0.3,-0.2,0.1,0.1,0,0.102898,0.100015
0,-0.3,-0.1,-0.1,-0.1,0,-0.0800812,-0.1
0,-0.3,-0.1,-0.1,0,0,-0.0911489,0.00363987
0,-0.3,-0.1,-0.1,0.1,0,-0.0928624,0.104651
0,-0.3,-0.1,0,-0.1,0,0.0165018,-0.1
0,-0.3,-0.1,0,0,0,0.00924781,0.00298493
0,-0.3,-0.1,0,0.1,0,0.00678931,0.104343
0,-0.3,-0.1,0.1,-0.1,0,0.110448,-0.1
0,-0.3,-0.1,0.1,0,0,0.108167,-4.63382e-05
0,-0.3,-0.1,0.1,0.1,0,0.105259,0.100652
0,-0.3,0,-0.1,-0.1,0,-0.0880734,-0.105274
0,-0.3,0,-0.1,0,0,-0.0800813,9.55333e-15
0,-0.3,0,-0.1,0.1,0,-0.0911357,0.103669
0,-0.3,0,0,-0.1,0,0.00984395,-0.103185
0,-0.3,0,0,0,0,0.0165018,-4.33312e-13
0,-0.3,0,0,0.1,0,0.00924353,0.102988
0,-0.3,0,0.1,-0.1,0,0.108212,-0.0999794
0,-0.3,0,0.1,0,0,0.110448,-4.57751e-13
0,-0.3,0,0.1,0.1,0,0.108159,0.0999535
0,-0.3,0.1,-0.1,-0.1,0,-0.0922095,-0.107764
0,-0.3,0.1,-0.1,0,0,-0.0880397,-0.00526785
0,-0.3,0.1,-0.1,0.1,0,-0.0800812,0.1
0,-0.3,0.1,0,-0.1,0,0.00697695,-0.104066
0,-0.3,0.1,0,0,0,0.00984375,-0.0031863
0,-0.3,0.1,0,0.1,0,0.0165018,0.0999999
0,-0.3,0.1,0.1,-0.1,0,0.105272,-0.100868
0,-0.3,0.1,0.1,0,0,0.108201,2.52854e-05
0,-0.3,0.1,0.1,0.1,0,0.110448,0.1
0,-0.3,0.2,-0.1,-0.1,0,-0.0955694,-0.106816
0,-0.3,0.2,-0.1,0,0,-0.0922134,-0.00776826
0,-0.3,0.2,-0.1,0.1,0,-0.0880811,0.0947434
0,-0.3,0.2,0,-0.1,0,0.00428791,-0.103243
0,-0.3,0.2,0,0,0,0.00696785,-0.00408787
0,-0.3,0.2,0,0.1,0,0.00981688,0.0968084
0,-0.3,0.2,0.1,-0.1,0,0.102919,-0.100206
0,-0.3,0.2,0.1,0,0,0.105253,-0.000874604
0,-0.3,0.2,0.1,0.1,0,0.108222,0.100055
0,-0.3,0.3,-0.1,-0.1,0,-0.0978168,-0.103773
0,-0.3,0.3,-0.1,0,0,-0.0955683,-0.00681562
0,-0.3,0.3,-0.1,0.1,0,-0.0922483,0.0923227
0,-0.3,0.3,0,-0.1,0,0.00202333,-0.100929
0,-0.3,0.3,0,0,0,0.00430809,-0.00323246
0,-0.3,0.3,0,0.1,0,0.00698335,0.0959359
0,-0.3,0.3,0.1,-0.1,0,0.100279,-0.1
0,-0.3,0.3,0.1,0,0,0.102916,-0.000195075
0,-0.3,0.3,0.1,0.1,0,0.105258,0.0991273
0,-0.3,0.4,-0.1,-0.1,0,-0.0992984,-0.100002
0,-0.3,0.4,-0.1,0,0,-0.0978183,-0.00378019
0,-0.3,0.4,-0.1,0.1,0,-0.0955684,0.0931846
0,-0.3,0.4,0,-0.1,0,-0.000316125,-0.0999999
0,-0.3,0.4,0,0,0,0.00202622,-0.000937961
0,-0.3,0.4,0,0.1,0,0.00429638,0.0967379
0,-0.3,0.4,0.1,-0.1,0,0.0979564,-0.0993505
0,-0.3,0.4,0.1,0,0,0.100279,-2.64121e-09
0,-0.3,0.4,0.1,0.1,0,0.102912,0.0998108
0,-0.3,0.5,-0.1,-0.1,0,-0.100895,-0.0991749
0,-0.3,0.5,-0.1,0,0,-0.0992971,-2.96556e-06
0,-0.3,0.5,-0.1,0.1,0,-0.0978162,0.0962298
0,-0.3,0.5,0,-0.1,0,-0.00185409,-0.0975218
0,-0.3,0.5,0,0,0,-0.000316659,-1.60862e-08
0,-0.3,0.5,0,0.1,0,0.00202139,0.0990665
0,-0.3,0.5,0.1,-0.1,0,0.0968275,-0.0953111
0,-0.3,0.5,0.1,0,0,0.0979554,0.000663243
0,-0.3,0.5,0.1,0.1,0,0.100279,0.1
0,-0.2,-0.5,-0.1,-0.1,0,-0.0985061,-0.0941634
0,-0.2,-0.5,-0.1,0,0,-0.0994456,0.000936088
0,-0.2,-0.5,-0.1,0.1,0,-0.1003,0.100027
0,-0.2,-0.5,0,-0.1,0,0.00218184,-0.0961014
0,-0.2,-0.5,0,0,0,0.00070197,-7.59937e-07
0,-0.2,-0.5,0,0.1,0,-0.000894671,0.0990184
0,-0.2,-0.5,0.1,-0.1,0,0.102015,-0.0992123
0,-0.2,-0.5,0.1,0,0,0.0996825,1.0827e-08
0,-0.2,-0.5,0.1,0.1,0,0.0980902,0.0976166
0,-0.2,-0.4,-0.1,-0.1,0,-0.0979294,-0.0945674
0,-0.2,-0.4,-0.1,0,0,-0.0985243,0.00582305
0,-0.2,-0.4,-0.1,0.1,0,-0.099447,0.100938
0,-0.2,-0.4,0,-0.1,0,0.00447974,-0.0934256
0,-0.2,-0.4,0,0,0,0.00217252,0.00390409
0,-0.2,-0.4,0,0.1,0,0.000704171,0.099996
0,-0.2,-0.4,0.1,-0.1,0,0.104124,-0.0965895
0,-0.2,-0.4,0.1,0,0,0.102016,0.000781545
0,-0.2,-0.4,0.1,0.1,0,0.0996844,0.1
0,-0.2,-0.3,-0.1,-0.1,0,-0.0958208,-0.0937785
0,-0.2,-0.3,-0.1,0,0,-0.0975246,0.00377891
0,-0.2,-0.3,-0.1,0.1,0,-0.0985394,0.10583
0,-0.2,-0.3,0,-0.1,0,0.00712463,-0.095345
0,-0.2,-0.3,0,0,0,0.00450198,0.00655597
0,-0.2,-0.3,0,0.1,0,0.0021814,0.103898
0,-0.2,-0.3,0.1,-0.1,0,0.106849,-0.0956871
0,-0.2,-0.3,0.1,0,0,0.104137,0.00342193
0,-0.2,-0.3,0.1,0.1,0,0.102008,0.100798
0,-0.2,-0.2,-0.1,-0.1,0,-0.0969647,-0.0989949
0,-0.2,-0.2,-0.1,0,0,-0.0958652,0.00629048
0,-0.2,-0.2,-0.1,0.1,0,-0.0975145,0.103808
0,-0.2,-0.2,0,-0.1,0,0.00886306,-0.0963324
0,-0.2,-0.2,0,0,0,0.0071372,0.00463377
0,-0.2,-0.2,0,0.1,0,0.0044955,0.106557
0,-0.2,-0.2,0.1,-0.1,0,0.108186,-0.0989382
0,-0.2,-0.2,0.1,0,0,0.10687,0.00430411
0,-0.2,-0.2,0.1,0.1,0,0.104138,0.103399
0,-0.2,-0.1,-0.1,-0.1,0,-0.103871,-0.1
0,-0.2,-0.1,-0.1,0,0,-0.0969766,0.0010165
0,-0.2,-0.1,-0.1,0.1,0,-0.0955103,0.105569
0,-0.2,-0.1,0,-0.1,0,0.0199187,-0.1
0,-0.2,-0.1,0,0,0,0.00885636,0.00366116
0,-0.2,-0.1,0,0.1,0,0.00714863,0.104643
0,-0.2,-0.1,0.1,-0.1,0,0.116503,-0.1
0,-0.2,-0.1,0.1,0,0,0.108201,0.00112689
0,-0.2,-0.1,0.1,0.1,0,0.106827,0.104313
0,-0.2,0,-0.1,-0.1,0,-0.0969565,-0.101188
0,-0.2,0,-0.1,0,0,-0.103871,4.39615e-15
0,-0.2,0,-0.1,0.1,0,-0.0969637,0.101019
0,-0.2,0,0,-0.1,0,0.0119585,-0.105276
0,-0.2,0,0,0,0,0.0199185,1.09233e-14
0,-0.2,0,0,0.1,0,0.00885818,0.103658
0,-0.2,0,0.1,-0.1,0,0.109823,-0.103178
0,-0.2,0,0.1,0,0,0.116502,-4.60065e-13
0,-0.2,0,0.1,0.1,0,0.109232,0.102976
0,-0.2,0.1,-0.1,-0.1,0,-0.0942538,-0.109236
0,-0.2,0.1,-0.1,0,0,-0.0969528,-0.00118192
0,-0.2,0.1,-0.1,0.1,0,-0.103871,0.1
0,-0.2,0.1,0,-0.1,0,0.0077977,-0.107814
0,-0.2,0.1,0,0,0,0.0119486,-0.0052821
0,-0.2,0.1,0,0.1,0,0.0199186,0.1
0,-0.2,0.1,0.1,-0.1,0,0.106964,-0.104076
0,-0.2,0.1,0.1,0,0,0.109816,-0.00317843
0,-0.2,0.1,0.1,0.1,0,0.116503,0.0999999
0,-0.2,0.2,-0.1,-0.1,0,-0.0969282,-0.108839
0,-0.2,0.2,-0.1,0,0,-0.0943939,-0.00949102
0,-0.2,0.2,-0.1,0.1,0,-0.0969615,0.0988107
0,-0.2,0.2,0,-0.1,0,0.00443035,-0.106815
0,-0.2,0.2,0,0,0,0.0077903,-0.00776305
0,-0.2,0.2,0,0.1,0,0.0119231,0.0947138
0,-0.2,0.2,0.1,-0.1,0,0.104285,-0.103236
0,-0.2,0.2,0.1,0,0,0.106991,-0.00404715
0,-0.2,0.2,0.1,0.1,0,0.109843,0.0968151
0,-0.2,0.3,-0.1,-0.1,0,-0.0985934,-0.105978
0,-0.2,0.3,-0.1,0,0,-0.0965024,-0.00889463
0,-0.2,0.3,-0.1,0.1,0,-0.0943386,0.0910739
0,-0.2,0.3,0,-0.1,0,0.00219249,-0.103759
0,-0.2,0.3,0,0,0,0.00443149,-0.0068149
0,-0.2,0.3,0,0.1,0,0.00780432,0.092181
0,-0.2,0.3,0.1,-0.1,0,0.10202,-0.100917
0,-0.2,0.3,0.1,0,0,0.1043,-0.00323934
0,-0.2,0.3,0.1,0.1,0,0.106975,0.095937
0,-0.2,0.4,-0.1,-0.1,0,-0.0994385,-0.101078
0,-0.2,0.4,-0.1,0,0,-0.0985898,-0.00598221
0,-0.2,0.4,-0.1,0.1,0,-0.0967527,0.0911565
0,-0.2,0.4,0,-0.1,0,0.000703895,-0.100002
0,-0.2,0.4,0,0,0,0.00218193,-0.00377004
0,-0.2,0.4,0,0.1,0,0.00443152,0.093182
0,-0.2,0.4,0.1,-0.1,0,0.0996825,-0.1
0,-0.2,0.4,0.1,0,0,0.102018,-0.000933226
0,-0.2,0.4,0.1,0.1,0,0.104297,0.0967591
0,-0.2,0.5,-0.1,-0.1,0,-0.100301,-0.0999889
0,-0.2,0.5,-0.1,0,0,-0.099439,-0.00108794
0,-0.2,0.5,-0.1,0.1,0,-0.0985892,0.0940179
0,-0.2,0.5,0,-0.1,0,-0.000889297,-0.0991798
0,-0.2,0.5,0,0,0,0.000704523,-6.8406e-06
0,-0.2,0.5,0,0.1,0,0.00218267,0.096221
0,-0.2,0.5,0.1,-0.1,0,0.0981462,-0.097524
0,-0.2,0.5,0.1,0,0,0.0996851,-1.33315e-08
0,-0.2,0.5,0.1,0.1,0,0.102026,0.09906
0,-0.1,-0.5,-0.1,-0.1,0,-0.100036,-0.0935219
0,-0.1,-0.5,-0.1,0,0,-0.100051,0.00137854
0,-0.1,-0.5,-0.1,0.1,0,-0.100018,0.100004
0,-0.1,-0.5,0,-0.1,0,0.00148008,-0.0941819
0,-0.1,-0.5,0,0,0,0.000554071,0.000929283
0,-0.1,-0.5,0,0.1,0,-0.000301724,0.100018
0,-0.1,-0.5,0.1,-0.1,0,0.102183,-0.0961023
0,-0.1,-0.5,0.1,0,0,0.100703,-1.55752e-06
0,-0.1,-0.5,0.1,0.1,0,0.0991057,0.0990118
0,-0.1,-0.4,-0.1,-0.1,0,-0.100255,-0.0934665
0,-0.1,-0.4,-0.1,0,0,-0.100036,0.00647657
0,-0.1,-0.4,-0.1,0.1,0,-0.100044,0.101371
0,-0.1,-0.4,0,-0.1,0,0.00201449,-0.0943598
0,-0.1,-0.4,0,0,0,0.00147946,0.00581877
0,-0.1,-0.4,0,0.1,0,0.000554007,0.100936
0,-0.1,-0.4,0.1,-0.1,0,0.104495,-0.0934431
0,-0.1,-0.4,0.1,0,0,0.102189,0.00387653
0,-0.1,-0.4,0.1,0.1,0,0.100704,0.0999987
0,-0.1,-0.3,-0.1,-0.1,0,-0.1,-0.0945128
0,-0.1,-0.3,-0.1,0,0,-0.100008,0.00965173
0,-0.1,-0.3,-0.1,0.1,0,-0.100036,0.106476
0,-0.1,-0.3,0,-0.1,0,0.00441866,-0.0945937
0,-0.1,-0.3,0,0,0,0.00211151,0.00611885
0,-0.1,-0.3,0,0.1,0,0.00148012,0.105819
0,-0.1,-0.3,0.1,-0.1,0,0.107143,-0.0953581
0,-0.1,-0.3,0.1,0,0,0.104503,0.00655554
0,-0.1,-0.3,0.1,0.1,0,0.102184,0.103891
0,-0.1,-0.2,-0.1,-0.1,0,-0.100044,-0.100948
0,-0.1,-0.2,-0.1,0,0,-0.100149,0.00578147
0,-0.1,-0.2,-0.1,0.1,0,-0.100254,0.106545
0,-0.1,-0.2,0,-0.1,0,0.00302887,-0.098991
0,-0.1,-0.2,0,0,0,0.00419478,0.00623627
0,-0.1,-0.2,0,0.1,0,0.00250097,0.103726
0,-0.1,-0.2,0.1,-0.1,0,0.108857,-0.0963339
0,-0.1,-0.2,0.1,0,0,0.107143,0.00464962
0,-0.1,-0.2,0.1,0.1,0,0.104503,0.106555
0,-0.1,-0.1,-0.1,-0.1,0,-0.100011,-0.1
0,-0.1,-0.1,-0.1,0,0,-0.100042,-0.00094446
0,-0.1,-0.1,-0.1,0.1,0,-0.100005,0.105924
0,-0.1,-0.1,0,-0.1,0,-0.00387223,-0.1
0,-0.1,-0.1,0,0,0,0.00302883,0.00102078
0,-0.1,-0.1,0,0.1,0,0.00415049,0.106142
0,-0.1,-0.1,0.1,-0.1,0,0.119919,-0.1
0,-0.1,-0.1,0.1,0,0,0.108844,0.00363639
0,-0.1,-0.1,0.1,0.1,0,0.107136,0.104655
0,-0.1,0,-0.1,-0.1,0,-0.100046,-0.0992201
0,-0.1,0,-0.1,0,0,-0.100011,-4.15596e-15
0,-0.1,0,-0.1,0.1,0,-0.100042,0.0990537
0,-0.1,0,0,-0.1,0,0.00304625,-0.101204
0,-0.1,0,0,0,0,-0.00387216,2.11312e-15
0,-0.1,0,0,0.1,0,0.00303275,0.101017
0,-0.1,0,0.1,-0.1,0,0.111933,-0.105274
0,-0.1,0,0.1,0,0,0.119919,2.61996e-15
0,-0.1,0,0.1,0.1,0,0.108863,0.103677
0,-0.1,0.1,-0.1,-0.1,0,-0.100806,-0.107482
0,-0.1,0.1,-0.1,0,0,-0.100048,0.000771764
0,-0.1,0.1,-0.1,0.1,0,-0.100011,0.1
0,-0.1,0.1,0,-0.1,0,0.00563686,-0.108827
0,-0.1,0.1,0,0,0,0.00304715,-0.00118218
0,-0.1,0.1,0,0.1,0,-0.00387217,0.1
0,-0.1,0.1,0.1,-0.1,0,0.107773,-0.107753
0,-0.1,0.1,0.1,0,0,0.111945,-0.00527707
0,-0.1,0.1,0.1,0.1,0,0.119919,0.1
0,-0.1,0.2,-0.1,-0.1,0,-0.100975,-0.105994
0,-0.1,0.2,-0.1,0,0,-0.100782,-0.00752556
0,-0.1,0.2,-0.1,0.1,0,-0.100045,0.100766
0,-0.1,0.2,0,-0.1,0,0.00324333,-0.108375
0,-0.1,0.2,0,0,0,0.00552541,-0.00980347
0,-0.1,0.2,0,0.1,0,0.00303606,0.0987868
0,-0.1,0.2,0.1,-0.1,0,0.10443,-0.106816
0,-0.1,0.2,0.1,0,0,0.10776,-0.00767874
0,-0.1,0.2,0.1,0.1,0,0.111922,0.0947314
0,-0.1,0.3,-0.1,-0.1,0,-0.1001,-0.106632
0,-0.1,0.3,-0.1,0,0,-0.100957,-0.00533869
0,-0.1,0.3,-0.1,0.1,0,-0.100781,0.0924969
0,-0.1,0.3,0,-0.1,0,0.00141023,-0.105982
0,-0.1,0.3,0,0,0,0.00328551,-0.00879052
0,-0.1,0.3,0,0.1,0,0.00560621,0.0907513
0,-0.1,0.3,0.1,-0.1,0,0.102181,-0.10378
0,-0.1,0.3,0.1,0,0,0.10443,-0.00681608
0,-0.1,0.3,0.1,0.1,0,0.107742,0.0924307
0,-0.1,0.4,-0.1,-0.1,0,-0.10004,-0.101526
0,-0.1,0.4,-0.1,0,0,-0.1001,-0.00663252
0,-0.1,0.4,-0.1,0.1,0,-0.100674,0.0925979
0,-0.1,0.4,0,-0.1,0,0.000558716,-0.101074
0,-0.1,0.4,0,0,0,0.00140789,-0.00597926
0,-0.1,0.4,0,0.1,0,0.00315638,0.0914266
0,-0.1,0.4,0.1,-0.1,0,0.100704,-0.100004
0,-0.1,0.4,0.1,0,0,0.10219,-0.00375668
0,-0.1,0.4,0.1,0.1,0,0.104431,0.0931829
0,-0.1,0.5,-0.1,-0.1,0,-0.100021,-0.100002
0,-0.1,0.5,-0.1,0,0,-0.10004,-0.00152728
0,-0.1,0.5,-0.1,0.1,0,-0.100089,0.0933617
0,-0.1,0.5,0,-0.1,0,-0.000306554,-0.0999895
0,-0.1,0.5,0,0,0,0.000556722,-0.00108712
0,-0.1,0.5,0,0.1,0,0.00141085,0.0940179
0,-0.1,0.5,0.1,-0.1,0,0.0991064,-0.0991726
0,-0.1,0.5,0.1,0,0,0.100702,-3.73109e-06
0,-0.1,0.5,0.1,0.1,0,0.102175,0.096214
0,0,-0.5,-0.1,-0.1,0,-0.101526,-0.0941821
0,0,-0.5,-0.1,0,0,-0.100635,0.000948893
0,0,-0.5,-0.1,0.1,0,-0.0997469,0.100027
0,0,-0.5,0,-0.1,0,-3.71646e-05,-0.0935231
0,0,-0.5,0,0,0,-3.86844e-05,0.00138656
0,0,-0.5,0,0.1,0,-1.98588e-05,0.100004
0,0,-0.5,0.1,-0.1,0,0.101479,-0.0941812
0,0,-0.5,0.1,0,0,0.100559,0.00094479
0,0,-0.5,0.1,0.1,0,0.099698,0.100032
0,0,-0.4,-0.1,-0.1,0,-0.103404,-0.0911097
0,0,-0.4,-0.1,0,0,-0.101527,0.00581921
0,0,-0.4,-0.1,0.1,0,-0.100636,0.100931
0,0,-0.4,0,-0.1,0,-0.000256348,-0.0934547
0,0,-0.4,0,0,0,-3.49567e-05,0.00647721
0,0,-0.4,0,0.1,0,-4.44239e-05,0.101372
0,0,-0.4,0.1,-0.1,0,0.102109,-0.0945839
0,0,-0.4,0.1,0,0,0.101481,0.00581855
0,0,-0.4,0.1,0.1,0,0.100559,0.100943
0,0,-0.3,-0.1,-0.1,0,-0.105723,-0.0904047
0,0,-0.3,-0.1,0,0,-0.103404,0.00887523
0,0,-0.3,-0.1,0.1,0,-0.101527,0.105819
0,0,-0.3,0,-0.1,0,2.26975e-05,-0.0941428
0,0,-0.3,0,0,0,-9.34494e-06,0.00965964
0,0,-0.3,0,0.1,0,-3.63799e-05,0.106476
0,0,-0.3,0.1,-0.1,0,0.104254,-0.0940234
0,0,-0.3,0.1,0,0,0.102516,0.00378055
0,0,-0.3,0.1,0.1,0,0.10148,0.105818
0,0,-0.2,-0.1,-0.1,0,-0.103114,-0.0989502
0,0,-0.2,-0.1,0,0,-0.105738,0.00989033
0,0,-0.2,-0.1,0.1,0,-0.103434,0.10884
0,0,-0.2,0,-0.1,0,-4.16855e-05,-0.100935
0,0,-0.2,0,0,0,0.000241079,0.00546903
0,0,-0.2,0,0.1,0,-0.000253768,0.106574
0,0,-0.2,0.1,-0.1,0,0.103035,-0.0989955
0,0,-0.2,0.1,0,0,0.104451,0.00552463
0,0,-0.2,0.1,0.1,0,0.102086,0.106259
0,0,-0.1,-0.1,-0.1,0,-0.0961502,-0.1
0,0,-0.1,-0.1,0,0,-0.103123,0.00102317
0,0,-0.1,-0.1,0.1,0,-0.106027,0.111199
0,0,-0.1,0,-0.1,0,-1.14609e-05,-0.1
0,0,-0.1,0,0,0,-4.19722e-05,-0.000927769
0,0,-0.1,0,0.1,0,-1.83197e-05,0.105881
0,0,-0.1,0.1,-0.1,0,0.0961286,-0.1
0,0,-0.1,0.1,0,0,0.103033,0.0010088
0,0,-0.1,0.1,0.1,0,0.10418,0.106245
0,0,0,-0.1,-0.1,0,-0.103127,-0.101179
0,0,0,-0.1,0,0,-0.0961502,-4.09488e-15
0,0,0,-0.1,0.1,0,-0.103112,0.101033
0,0,0,0,-0.1,0,-4.34792e-05,-0.0992395
0,0,0,0,0,0,-1.14602e-05,1.04942e-15
0,0,0,0,0.1,0,-4.18662e-05,0.0990659
0,0,0,0.1,-0.1,0,0.103039,-0.10119
0,0,0,0.1,0,0,0.0961286,1.03767e-14
0,0,0,0.1,0.1,0,0.103036,0.101012
0,0,0.1,-0.1,-0.1,0,-0.104124,-0.104886
0,0,0.1,-0.1,0,0,-0.103126,-0.00117958
0,0,0.1,-0.1,0.1,0,-0.0961503,0.1
0,0,0.1,0,-0.1,0,-0.000845676,-0.105103
0,0,0.1,0,0,0,-4.74152e-05,0.000792418
0,0,0.1,0,0.1,0,-1.14606e-05,0.1
0,0,0.1,0.1,-0.1,0,0.105712,-0.109018
0,0,0.1,0.1,0,0,0.103043,-0.00118233
0,0,0.1,0.1,0.1,0,0.0961286,0.1
0,0,0.2,-0.1,-0.1,0,-0.103463,-0.10888
0,0,0.2,-0.1,0,0,-0.103786,-0.00607539
0,0,0.2,-0.1,0.1,0,-0.10312,0.0988305
0,0,0.2,0,-0.1,0,-0.00099685,-0.106149
0,0,0.2,0,0,0,-0.000785746,-0.00754536
0,0,0.2,0,0.1,0,-4.77173e-05,0.100776
0,0,0.2,0.1,-0.1,0,0.103333,-0.109153
0,0,0.2,0.1,0,0,0.10549,-0.00899259
0,0,0.2,0.1,0.1,0,0.103046,0.0987987
0,0,0.3,-0.1,-0.1,0,-0.101564,-0.105992
0,0,0.3,-0.1,0,0,-0.102861,-0.00593174
0,0,0.3,-0.1,0.1,0,-0.10377,0.0937753
0,0,0.3,0,-0.1,0,-9.99379e-05,-0.106632
0,0,0.3,0,0,0,-0.000727126,-0.00600218
0,0,0.3,0,0.1,0,-0.000788285,0.0924959
0,0,0.3,0.1,-0.1,0,0.10141,-0.105982
0,0,0.3,0.1,0,0,0.103153,-0.00880256
0,0,0.3,0.1,0.1,0,0.105568,0.0911402
0,0,0.4,-0.1,-0.1,0,-0.100639,-0.101076
0,0,0.4,-0.1,0,0,-0.101563,-0.00599157
0,0,0.4,-0.1,0.1,0,-0.103427,0.0910881
0,0,0.4,0,-0.1,0,-3.94722e-05,-0.101526
0,0,0.4,0,0,0,-9.97616e-05,-0.00663293
0,0,0.4,0,0.1,0,-0.000648419,0.0925085
0,0,0.4,0.1,-0.1,0,0.100564,-0.101093
0,0,0.4,0.1,0,0,0.101416,-0.00598462
0,0,0.4,0.1,0.1,0,0.103475,0.0910949
0,0,0.5,-0.1,-0.1,0,-0.0997516,-0.0999965
0,0,0.5,-0.1,0,0,-0.100639,-0.00107353
0,0,0.5,-0.1,0.1,0,-0.101563,0.0940098
0,0,0.5,0,-0.1,0,-1.99011e-05,-0.100003
0,0,0.5,0,0,0,-3.91968e-05,-0.0015365
0,0,0.5,0,0.1,0,-8.90506e-05,0.0933619
0,0,0.5,0.1,-0.1,0,0.0996959,-0.0999899
0,0,0.5,0.1,0,0,0.100558,-0.00109845
0,0,0.5,0.1,0.1,0,0.101411,0.0940181
0,0.1,-0.5,-0.1,-0.1,0,-0.102237,-0.0961025
0,0.1,-0.5,-0.1,0,0,-0.100745,-3.80232e-06
0,0.1,-0.5,-0.1,0.1,0,-0.0991835,0.0990086
0,0.1,-0.5,0,-0.1,0,-0.00152124,-0.0941874
0,0.1,-0.5,0,0,0,-0.000636393,0.000944835
0,0.1,-0.5,0,0.1,0,0.0002522,0.100025
0,0.1,-0.5,0.1,-0.1,0,0.0999634,-0.0935236
0,0.1,-0.5,0.1,0,0,0.0999552,0.00137021
0,0.1,-0.5,0.1,0.1,0,0.0999818,0.100001
0,0.1,-0.4,-0.1,-0.1,0,-0.104519,-0.0933245
0,0.1,-0.4,-0.1,0,0,-0.102234,0.00391139
0,0.1,-0.4,-0.1,0.1,0,-0.100743,0.1
0,0.1,-0.4,0,-0.1,0,-0.0033987,-0.0911063
0,0.1,-0.4,0,0,0,-0.00153913,0.00582091
0,0.1,-0.4,0,0.1,0,-0.000633049,0.10094
0,0.1,-0.4,0.1,-0.1,0,0.0999983,-0.0903556
0,0.1,-0.4,0.1,0,0,0.0999635,0.00647485
0,0.1,-0.4,0.1,0.1,0,0.099956,0.101369
0,0.1,-0.3,-0.1,-0.1,0,-0.107823,-0.0922519
0,0.1,-0.3,-0.1,0,0,-0.104545,0.00668727
0,0.1,-0.3,-0.1,0.1,0,-0.102241,0.103886
0,0.1,-0.3,0,-0.1,0,-0.00574177,-0.090068
0,0.1,-0.3,0,0,0,-0.00343844,0.00884291
0,0.1,-0.3,0,0.1,0,-0.00153916,0.105821
0,0.1,-0.3,0.1,-0.1,0,0.0999767,-0.0942254
0,0.1,-0.3,0.1,0,0,0.0997432,0.0065422
0,0.1,-0.3,0.1,0.1,0,0.0999641,0.106479
0,0.1,-0.2,-0.1,-0.1,0,-0.112538,-0.0954764
0,0.1,-0.2,-0.1,0,0,-0.10782,0.00771617
0,0.1,-0.2,-0.1,0.1,0,-0.104521,0.106685
0,0.1,-0.2,0,-0.1,0,-0.00312247,-0.0989741
0,0.1,-0.2,0,0,0,-0.00602954,0.0111983
0,0.1,-0.2,0,0.1,0,-0.00344383,0.108826
0,0.1,-0.2,0.1,-0.1,0,0.0999579,-0.100928
0,0.1,-0.2,0.1,0,0,0.100023,0.00566399
0,0.1,-0.2,0.1,0.1,0,0.0999939,0.109668
0,0.1,-0.1,-0.1,-0.1,0,-0.119881,-0.1
0,0.1,-0.1,-0.1,0,0,-0.112569,0.00453108
0,0.1,-0.1,-0.1,0.1,0,-0.107836,0.107763
0,0.1,-0.1,0,-0.1,0,0.00385136,-0.1
0,0.1,-0.1,0,0,0,-0.00311109,0.00104365
0,0.1,-0.1,0,0.1,0,-0.00575252,0.109943
0,0.1,-0.1,0.1,-0.1,0,0.0999892,-0.1
0,0.1,-0.1,0.1,0,0,0.0999585,-0.000924914
0,0.1,-0.1,0.1,0.1,0,0.0999398,0.105865
0,0.1,0,-0.1,-0.1,0,-0.109926,-0.103245
0,0.1,0,-0.1,0,0,-0.119881,-1.31722e-14
0,0.1,0,-0.1,0.1,0,-0.112545,0.104523
0,0.1,0,0,-0.1,0,-0.00312547,-0.101175
0,0.1,0,0,0,0,0.00385145,-8.90624e-15
0,0.1,0,0,0.1,0,-0.00311945,0.101039
0,0.1,0,0.1,-0.1,0,0.0999623,-0.0992282
0,0.1,0,0.1,0,0,0.0999891,1.49477e-17
0,0.1,0,0.1,0.1,0,0.0999585,0.0990613
0,0.1,0.1,-0.1,-0.1,0,-0.108255,-0.104398
0,0.1,0.1,-0.1,0,0,-0.109872,-0.003189
0,0.1,0.1,-0.1,0.1,0,-0.119881,0.1
0,0.1,0.1,0,-0.1,0,-0.00413898,-0.104952
0,0.1,0.1,0,0,0,-0.00311534,-0.00118474
0,0.1,0.1,0,0.1,0,0.00385143,0.1
0,0.1,0.1,0.1,-0.1,0,0.0992085,-0.107464
0,0.1,0.1,0.1,0,0,0.0999558,0.000765786
0,0.1,0.1,0.1,0.1,0,0.0999892,0.1
0,0.1,0.2,-0.1,-0.1,0,-0.104555,-0.106776
0,0.1,0.2,-0.1,0,0,-0.10831,-0.00435901
0,0.1,0.2,-0.1,0.1,0,-0.109901,0.0967957
0,0.1,0.2,0,-0.1,0,-0.00222793,-0.105548
0,0.1,0.2,0,0,0,-0.00369784,-0.00526047
0,0.1,0.2,0,0.1,0,-0.0031124,0.098809
0,0.1,0.2,0.1,-0.1,0,0.0994712,-0.108099
0,0.1,0.2,0.1,0,0,0.0988897,-0.00528921
0,0.1,0.2,0.1,0.1,0,0.0999561,0.100759
0,0.1,0.3,-0.1,-0.1,0,-0.102295,-0.10377
0,0.1,0.3,-0.1,0,0,-0.104551,-0.00677087
0,0.1,0.3,-0.1,0.1,0,-0.108284,0.0956244
0,0.1,0.3,0,-0.1,0,-0.0015636,-0.105992
0,0.1,0.3,0,0,0,-0.00344482,-0.00889583
0,0.1,0.3,0,0.1,0,-0.00413827,0.0951259
0,0.1,0.3,0.1,-0.1,0,0.0999001,-0.106632
0,0.1,0.3,0.1,0,0,0.0993537,-0.00746893
0,0.1,0.3,0.1,0.1,0,0.0992045,0.0924936
0,0.1,0.4,-0.1,-0.1,0,-0.100744,-0.100001
0,0.1,0.4,-0.1,0,0,-0.102301,-0.00374595
0,0.1,0.4,-0.1,0.1,0,-0.10455,0.0932303
0,0.1,0.4,0,-0.1,0,-0.00063531,-0.101082
0,0.1,0.4,0,0,0,-0.00156242,-0.0059921
0,0.1,0.4,0,0.1,0,-0.00344854,0.0910995
0,0.1,0.4,0.1,-0.1,0,0.099959,-0.101524
0,0.1,0.4,0.1,0,0,0.099911,-0.0066388
0,0.1,0.4,0.1,0.1,0,0.0991146,0.0946891
0,0.1,0.5,-0.1,-0.1,0,-0.099199,-0.0991779
0,0.1,0.5,-0.1,0,0,-0.100744,-5.73326e-06
0,0.1,0.5,-0.1,0.1,0,-0.1023,0.0962542
0,0.1,0.5,0,-0.1,0,0.000242888,-0.099994
0,0.1,0.5,0,0,0,-0.000637961,-0.00109318
0,0.1,0.5,0,0.1,0,-0.00156325,0.0940075
0,0.1,0.5,0.1,-0.1,0,0.0999809,-0.100002
0,0.1,0.5,0.1,0,0,0.0999605,-0.00154888
0,0.1,0.5,0.1,0.1,0,0.0999111,0.093361
0,0.2,-0.5,-0.1,-0.1,0,-0.10209,-0.0992199
0,0.2,-0.5,-0.1,0,0,-0.0997063,9.3e-09
0,0.2,-0.5,-0.1,0.1,0,-0.0981762,0.0976095
0,0.2,-0.5,0,-0.1,0,-0.00223457,-0.0960858
0,0.2,-0.5,0,0,0,-0.000743659,-2.46418e-06
0,0.2,-0.5,0,0.1,0,0.000824427,0.0990276
0,0.2,-0.5,0.1,-0.1,0,0.0984548,-0.0941672
0,0.2,-0.5,0.1,0,0,0.0993678,0.00095245
0,0.2,-0.5,0.1,0.1,0,0.100253,0.100026
0,0.2,-0.4,-0.1,-0.1,0,-0.104245,-0.0965996
0,0.2,-0.4,-0.1,0,0,-0.102086,0.000778946
0,0.2,-0.4,-0.1,0.1,0,-0.099704,0.1
0,0.2,-0.4,0,-0.1,0,-0.00452887,-0.0933075
0,0.2,-0.4,0,0,0,-0.00224183,0.00386591
0,0.2,-0.4,0,0.1,0,-0.000745531,0.0999978
0,0.2,-0.4,0.1,-0.1,0,0.0966105,-0.0910965
0,0.2,-0.4,0.1,0,0,0.0984548,0.00583103
0,0.2,-0.4,0.1,0.1,0,0.0993617,0.100937
0,0.2,-0.3,-0.1,-0.1,0,-0.106996,-0.0955719
0,0.2,-0.3,-0.1,0,0,-0.104299,0.00338574
0,0.2,-0.3,-0.1,0.1,0,-0.102088,0.100779
0,0.2,-0.3,0,-0.1,0,-0.00780652,-0.0923192
0,0.2,-0.3,0,0,0,-0.00454626,0.00668336
0,0.2,-0.3,0,0.1,0,-0.00223484,0.103914
0,0.2,-0.3,0.1,-0.1,0,0.0942621,-0.0901097
0,0.2,-0.3,0.1,0,0,0.0965881,0.0088746
0,0.2,-0.3,0.1,0.1,0,0.0984722,0.10582
0,0.2,-0.2,-0.1,-0.1,0,-0.110075,-0.0976032
0,0.2,-0.2,-0.1,0,0,-0.107003,0.00444418
0,0.2,-0.2,-0.1,0.1,0,-0.10427,0.103323
0,0.2,-0.2,0,-0.1,0,-0.0125212,-0.0954863
0,0.2,-0.2,0,0,0,-0.00780551,0.0076818
0,0.2,-0.2,0,0.1,0,-0.00453535,0.106689
0,0.2,-0.2,0.1,-0.1,0,0.0968826,-0.098961
0,0.2,-0.2,0.1,0,0,0.0939739,0.0111972
0,0.2,-0.2,0.1,0.1,0,0.0965919,0.108887
0,0.2,-0.1,-0.1,-0.1,0,-0.116462,-0.1
0,0.2,-0.1,-0.1,0,0,-0.110133,0.00232321
0,0.2,-0.1,-0.1,0.1,0,-0.107021,0.10444
0,0.2,-0.1,0,-0.1,0,-0.0198807,-0.1
0,0.2,-0.1,0,0,0,-0.0125614,0.00453729
0,0.2,-0.1,0,0.1,0,-0.0078018,0.107673
0,0.2,-0.1,0.1,-0.1,0,0.10385,-0.1
0,0.2,-0.1,0.1,0,0,0.0968764,0.00102416
0,0.2,-0.1,0.1,0.1,0,0.0942037,0.109751
0,0.2,0,-0.1,-0.1,0,-0.109575,-0.103153
0,0.2,0,-0.1,0,0,-0.116462,1.68039e-13
0,0.2,0,-0.1,0.1,0,-0.110041,0.102382
0,0.2,0,0,-0.1,0,-0.00993036,-0.103219
0,0.2,0,0,0,0,-0.0198807,-1.34851e-14
0,0.2,0,0,0.1,0,-0.0125457,0.104522
0,0.2,0,0.1,-0.1,0,0.0968683,-0.10118
0,0.2,0,0.1,0,0,0.10385,-1.09176e-14
0,0.2,0,0.1,0.1,0,0.0968743,0.101039
0,0.2,0.1,-0.1,-0.1,0,-0.10694,-0.104204
0,0.2,0.1,-0.1,0,0,-0.109593,-0.00314488
0,0.2,0.1,-0.1,0.1,0,-0.116462,0.1
0,0.2,0.1,0,-0.1,0,-0.00828043,-0.10439
0,0.2,0.1,0,0,0,-0.00988897,-0.00317127
0,0.2,0.1,0,0.1,0,-0.0198807,0.1
0,0.2,0.1,0.1,-0.1,0,0.0960076,-0.10606
0,0.2,0.1,0.1,0,0,0.096881,-0.00117788
0,0.2,0.1,0.1,0.1,0,0.10385,0.1
0,0.2,0.2,-0.1,-0.1,0,-0.104303,-0.103309
0,0.2,0.2,-0.1,0,0,-0.106942,-0.00419339
0,0.2,0.2,-0.1,0.1,0,-0.109548,0.0968578
0,0.2,0.2,0,-0.1,0,-0.00455172,-0.10677
0,0.2,0.2,0,0,0,-0.00825474,-0.0043675
0,0.2,0.2,0,0.1,0,-0.00993308,0.0967522
0,0.2,0.2,0.1,-0.1,0,0.0977501,-0.105733
0,0.2,0.2,0.1,0,0,0.0961304,-0.00618311
0,0.2,0.2,0.1,0.1,0,0.0968766,0.0988184
0,0.2,0.3,-0.1,-0.1,0,-0.102089,-0.100926
0,0.2,0.3,-0.1,0,0,-0.1043,-0.0033085
0,0.2,0.3,-0.1,0.1,0,-0.106943,0.0958026
0,0.2,0.3,0,-0.1,0,-0.00229271,-0.10377
0,0.2,0.3,0,0,0,-0.00455287,-0.00677713
0,0.2,0.3,0,0.1,0,-0.00823589,0.0956021
0,0.2,0.3,0.1,-0.1,0,0.0984373,-0.105993
0,0.2,0.3,0.1,0,0,0.0971302,-0.00585399
0,0.2,0.3,0.1,0.1,0,0.0960998,0.0949734
0,0.2,0.4,-0.1,-0.1,0,-0.0997062,-0.1
0,0.2,0.4,-0.1,0,0,-0.102089,-0.000907782
0,0.2,0.4,-0.1,0.1,0,-0.104313,0.0967213
0,0.2,0.4,0,-0.1,0,-0.00074185,-0.100002
0,0.2,0.4,0,0,0,-0.00229239,-0.00376235
0,0.2,0.4,0,0.1,0,-0.00454575,0.0932247
0,0.2,0.4,0.1,-0.1,0,0.0993618,-0.101087
0,0.2,0.4,0.1,0,0,0.0984379,-0.00599266
0,0.2,0.4,0.1,0.1,0,0.0965455,0.0911126
0,0.2,0.5,-0.1,-0.1,0,-0.0982299,-0.0975303
0,0.2,0.5,-0.1,0,0,-0.099705,-1.57435e-08
0,0.2,0.5,-0.1,0.1,0,-0.102092,0.0990847
0,0.2,0.5,0,-0.1,0,0.000814123,-0.0991805
0,0.2,0.5,0,0,0,-0.000742917,-3.52509e-06
0,0.2,0.5,0,0.1,0,-0.00230082,0.0962554
0,0.2,0.5,0.1,-0.1,0,0.100254,-0.0999981
0,0.2,0.5,0.1,0,0,0.0993615,-0.00106487
0,0.2,0.5,0.1,0.1,0,0.0984375,0.0940072
0,0.3,-0.5,-0.1,-0.1,0,-0.1003,-0.1
0,0.3,-0.5,-0.1,0,0,-0.0980201,-0.000791298
0,0.3,-0.5,-0.1,0.1,0,-0.0969281,0.0952131
0,0.3,-0.5,0,-0.1,0,-0.00208128,-0.0992049
0,0.3,-0.5,0,0,0,0.000294877,9.48723e-09
0,0.3,-0.5,0,0.1,0,0.0018102,0.0975833
0,0.3,-0.5,0.1,-0.1,0,0.0977576,-0.09607
0,0.3,-0.5,0.1,0,0,0.0992549,-3.7416e-06
0,0.3,-0.5,0.1,0.1,0,0.10082,0.099026
0,0.3,-0.4,-0.1,-0.1,0,-0.102954,-0.0999748
0,0.3,-0.4,-0.1,0,0,-0.1003,2.63647e-09
0,0.3,-0.4,-0.1,0.1,0,-0.0980217,0.0992022
0,0.3,-0.4,0,-0.1,0,-0.00424412,-0.0965855
0,0.3,-0.4,0,0,0,-0.00208688,0.000776651
0,0.3,-0.4,0,0.1,0,0.000295662,0.1
0,0.3,-0.4,0.1,-0.1,0,0.0954845,-0.0933278
0,0.3,-0.4,0.1,0,0,0.0977652,0.00391424
0,0.3,-0.4,0.1,0.1,0,0.0992532,0.0999977
0,0.3,-0.3,-0.1,-0.1,0,-0.105307,-0.0992821
0,0.3,-0.3,-0.1,0,0,-0.102966,5.98938e-05
0,0.3,-0.3,-0.1,0.1,0,-0.1003,0.1
0,0.3,-0.3,0,-0.1,0,-0.00698432,-0.0955466
0,0.3,-0.3,0,0,0,-0.00424787,0.00339117
0,0.3,-0.3,0,0.1,0,-0.00209263,0.10077
0,0.3,-0.3,0.1,-0.1,0,0.0921673,-0.0922833
0,0.3,-0.3,0.1,0,0,0.0954667,0.00669276
0,0.3,-0.3,0.1,0.1,0,0.097759,0.103908
0,0.3,-0.2,-0.1,-0.1,0,-0.108114,-0.100031
0,0.3,-0.2,-0.1,0,0,-0.105301,0.000725909
0,0.3,-0.2,-0.1,0.1,0,-0.102955,0.100046
0,0.3,-0.2,0,-0.1,0,-0.0105511,-0.0977236
0,0.3,-0.2,0,0,0,-0.00698458,0.00445146
0,0.3,-0.2,0,0.1,0,-0.00422724,0.103412
0,0.3,-0.2,0.1,-0.1,0,0.0874785,-0.0954846
0,0.3,-0.2,0.1,0,0,0.0921753,0.00770308
0,0.3,-0.2,0.1,0.1,0,0.0954578,0.106695
0,0.3,-0.1,-0.1,-0.1,0,-0.110415,-0.1
0,0.3,-0.1,-0.1,0,0,-0.108113,-3.10014e-05
0,0.3,-0.1,-0.1,0.1,0,-0.105297,0.100717
0,0.3,-0.1,0,-0.1,0,-0.0164629,-0.1
0,0.3,-0.1,0,0,0,-0.0100366,0.00238326
0,0.3,-0.1,0,0.1,0,-0.00700043,0.104451
0,0.3,-0.1,0.1,-0.1,0,0.080119,-0.1
0,0.3,-0.1,0.1,0,0,0.0874737,0.00451129
0,0.3,-0.1,0.1,0.1,0,0.0921804,0.107721
0,0.3,0,-0.1,-0.1,0,-0.108153,-0.0999413
0,0.3,0,-0.1,0,0,-0.110415,-7.36198e-13
0,0.3,0,-0.1,0.1,0,-0.108113,0.0999789
0,0.3,0,0,-0.1,0,-0.00962724,-0.103155
0,0.3,0,0,0,0,-0.0164629,5.62147e-14
0,0.3,0,0,0.1,0,-0.0101519,0.102331
0,0.3,0,0.1,-0.1,0,0.0901058,-0.103215
0,0.3,0,0.1,0,0,0.0801189,-1.12881e-14
0,0.3,0,0.1,0.1,0,0.0874562,0.104524
0,0.3,0.1,-0.1,-0.1,0,-0.105331,-0.100837
0,0.3,0.1,-0.1,0,0,-0.108149,5.74621e-05
0,0.3,0.1,-0.1,0.1,0,-0.110415,0.1
0,0.3,0.1,0,-0.1,0,-0.00694657,-0.104192
0,0.3,0.1,0,0,0,-0.00965311,-0.00317743
0,0.3,0.1,0,0.1,0,-0.0164629,0.1
0,0.3,0.1,0.1,-0.1,0,0.0917064,-0.104338
0,0.3,0.1,0.1,0,0,0.090065,-0.00321701
0,0.3,0.1,0.1,0.1,0,0.080119,0.1
0,0.3,0.2,-0.1,-0.1,0,-0.10297,-0.10016
0,0.3,0.2,-0.1,0,0,-0.105323,-0.000849241
0,0.3,0.2,-0.1,0.1,0,-0.108165,0.100056
0,0.3,0.2,0,-0.1,0,-0.00430067,-0.103307
0,0.3,0.2,0,0,0,-0.00695033,-0.00418389
0,0.3,0.2,0,0.1,0,-0.00964665,0.0968467
0,0.3,0.2,0.1,-0.1,0,0.0954543,-0.106775
0,0.3,0.2,0.1,0,0,0.0917459,-0.00437594
0,0.3,0.2,0.1,0.1,0,0.0900679,0.096769
0,0.3,0.3,-0.1,-0.1,0,-0.100299,-0.1
0,0.3,0.3,-0.1,0,0,-0.102974,-0.000156073
0,0.3,0.3,-0.1,0.1,0,-0.105325,0.0991595
0,0.3,0.3,0,-0.1,0,-0.00208928,-0.100914
0,0.3,0.3,0,0,0,-0.00430269,-0.00329785
0,0.3,0.3,0,0.1,0,-0.00695533,0.0958354
0,0.3,0.3,0.1,-0.1,0,0.0977098,-0.103753
0,0.3,0.3,0.1,0,0,0.0954536,-0.00677544
0,0.3,0.3,0.1,0.1,0,0.0917418,0.0956155
0,0.3,0.4,-0.1,-0.1,0,-0.0980313,-0.0993408
0,0.3,0.4,-0.1,0,0,-0.100299,-2.6271e-09
0,0.3,0.4,-0.1,0.1,0,-0.102974,0.0998371
0,0.3,0.4,0,-0.1,0,0.000296202,-0.1
0,0.3,0.4,0,0,0,-0.00208998,-0.000901833
0,0.3,0.4,0,0.1,0,-0.00429718,0.0966835
0,0.3,0.4,0.1,-0.1,0,0.0992581,-0.100002
0,0.3,0.4,0.1,0,0,0.0976967,-0.00375015
0,0.3,0.4,0.1,0.1,0,0.0954535,0.0932245
0,0.3,0.5,-0.1,-0.1,0,-0.0968919,-0.0952955
0,0.3,0.5,-0.1,0,0,-0.0980434,0.000657917
0,0.3,0.5,-0.1,0.1,0,-0.100299,0.1
0,0.3,0.5,0,-0.1,0,0.00177024,-0.0975291
0,0.3,0.5,0,0,0,0.000294338,-1.55163e-08
0,0.3,0.5,0,0.1,0,-0.00208998,0.0990784
0,0.3,0.5,0.1,-0.1,0,0.100811,-0.0991718
0,0.3,0.5,0.1,0,0,0.099256,-7.13085e-06
0,0.3,0.5,0.1,0.1,0,0.0977093,0.0962066
0,0.4,-0.5,-0.1,-0.1,0,-0.0973393,-0.100241
0,0.4,-0.5,-0.1,0,0,-0.0959962,-0.00273419
0,0.4,-0.5,-0.1,0.1,0,-0.094914,0.0937392
0,0.4,-0.5,0,-0.1,0,-0.000298807,-0.1
0,0.4,-0.5,0,0,0,0.00197484,-0.000788615
0,0.4,-0.5,0,0.1,0,0.00307958,0.0952149
0,0.4,-0.5,0.1,-0.1,0,0.0979138,-0.0992141
0,0.4,-0.5,0.1,0,0,0.100295,1.01395e-08
0,0.4,-0.5,0.1,0.1,0,0.101827,0.097627
0,0.4,-0.4,-0.1,-0.1,0,-0.0994379,-0.1
0,0.4,-0.4,-0.1,0,0,-0.0973425,-0.000241187
0,0.4,-0.4,-0.1,0.1,0,-0.095987,0.0972359
0,0.4,-0.4,0,-0.1,0,-0.00295607,-0.0999726
0,0.4,-0.4,0,0,0,-0.000298801,2.63627e-09
0,0.4,-0.4,0,0.1,0,0.00197973,0.0992061
0,0.4,-0.4,0.1,-0.1,0,0.0957495,-0.0965945
0,0.4,-0.4,0.1,0,0,0.0979161,0.000785728
0,0.4,-0.4,0.1,0.1,0,0.100296,0.1
0,0.4,-0.3,-0.1,-0.1,0,-0.10186,-0.1
0,0.4,-0.3,-0.1,0,0,-0.0994372,1.73256e-10
0,0.4,-0.3,-0.1,0.1,0,-0.0973348,0.0997672
0,0.4,-0.3,0,-0.1,0,-0.00529156,-0.0992573
0,0.4,-0.3,0,0,0,-0.00295516,1.11805e-05
0,0.4,-0.3,0,0.1,0,-0.000298806,0.1
0,0.4,-0.3,0.1,-0.1,0,0.0930061,-0.0955712
0,0.4,-0.3,0.1,0,0,0.0957662,0.00341971
0,0.4,-0.3,0.1,0.1,0,0.0979162,0.100785
0,0.4,-0.2,-0.1,-0.1,0,-0.103627,-0.1
0,0.4,-0.2,-0.1,0,0,-0.101858,1.86142e-08
0,0.4,-0.2,-0.1,0.1,0,-0.0994379,0.1
0,0.4,-0.2,0,-0.1,0,-0.0081161,-0.100029
0,0.4,-0.2,0,0,0,-0.00529137,0.000722348
0,0.4,-0.2,0,0.1,0,-0.00294769,0.100072
0,0.4,-0.2,0.1,-0.1,0,0.0898847,-0.0976647
0,0.4,-0.2,0.1,0,0,0.0929482,0.00445464
0,0.4,-0.2,0.1,0.1,0,0.0957135,0.103357
0,0.4,-0.1,-0.1,-0.1,0,-0.104357,-0.1
0,0.4,-0.1,-0.1,0,0,-0.103627,1.7781e-08
0,0.4,-0.1,-0.1,0.1,0,-0.101859,0.1
0,0.4,-0.1,0,-0.1,0,-0.0104164,-0.1
0,0.4,-0.1,0,0,0,-0.00811884,-2.0437e-05
0,0.4,-0.1,0,0.1,0,-0.00529625,0.10072
0,0.4,-0.1,0.1,-0.1,0,0.0835383,-0.1
0,0.4,-0.1,0.1,0,0,0.0899603,0.00237093
0,0.4,-0.1,0.1,0.1,0,0.0930222,0.104418
0,0.4,0,-0.1,-0.1,0,-0.103632,-0.1
0,0.4,0,-0.1,0,0,-0.104357,-2.56053e-13
0,0.4,0,-0.1,0.1,0,-0.103638,0.1
0,0.4,0,0,-0.1,0,-0.00814824,-0.0999684
0,0.4,0,0,0,0,-0.0104164,-6.79955e-13
0,0.4,0,0,0.1,0,-0.00813444,0.0999787
0,0.4,0,0.1,-0.1,0,0.0903837,-0.103162
0,0.4,0,0.1,0,0,0.0835384,6.38037e-14
0,0.4,0,0.1,0.1,0,0.0894345,0.102278
0,0.4,0.1,-0.1,-0.1,0,-0.101862,-0.1
0,0.4,0.1,-0.1,0,0,-0.103628,-2.55606e-08
0,0.4,0.1,-0.1,0.1,0,-0.104356,0.1
0,0.4,0.1,0,-0.1,0,-0.00533357,-0.100838
0,0.4,0.1,0,0,0,-0.00814552,3.99423e-05
0,0.4,0.1,0,0.1,0,-0.0104165,0.1
0,0.4,0.1,0.1,-0.1,0,0.0930493,-0.104179
0,0.4,0.1,0.1,0,0,0.0904205,-0.00315273
0,0.4,0.1,0.1,0.1,0,0.0835383,0.1
0,0.4,0.2,-0.1,-0.1,0,-0.0994371,-0.1
0,0.4,0.2,-0.1,0,0,-0.101859,-2.4427e-08
0,0.4,0.2,-0.1,0.1,0,-0.103632,0.1
0,0.4,0.2,0,-0.1,0,-0.00297638,-0.100164
0,0.4,0.2,0,0,0,-0.0053192,-0.000850221
0,0.4,0.2,0,0.1,0,-0.00815158,0.10006
0,0.4,0.2,0.1,-0.1,0,0.0956979,-0.103314
0,0.4,0.2,0.1,0,0,0.0930538,-0.00418752
0,0.4,0.2,0.1,0.1,0,0.0903113,0.0986838
0,0.4,0.3,-0.1,-0.1,0,-0.0973566,-0.0999115
0,0.4,0.3,-0.1,0,0,-0.099437,5.90362e-10
0,0.4,0.3,-0.1,0.1,0,-0.101861,0.1
0,0.4,0.3,0,-0.1,0,-0.000298533,-0.1
0,0.4,0.3,0,0,0,-0.00297179,-0.000171825
0,0.4,0.3,0,0.1,0,-0.00532197,0.099161
0,0.4,0.3,0.1,-0.1,0,0.097908,-0.100902
0,0.4,0.3,0.1,0,0,0.0956972,-0.00330748
0,0.4,0.3,0.1,0.1,0,0.0929876,0.0956397
0,0.4,0.4,-0.1,-0.1,0,-0.0961616,-0.0970909
0,0.4,0.4,-0.1,0,0,-0.0973529,0.000125033
0,0.4,0.4,-0.1,0.1,0,-0.099437,0.1
0,0.4,0.4,0,-0.1,0,0.00196928,-0.0993448
0,0.4,0.4,0,0,0,-0.000298507,-2.62711e-09
0,0.4,0.4,0,0.1,0,-0.00297511,0.0998166
0,0.4,0.4,0.1,-0.1,0,0.100295,-0.1
0,0.4,0.4,0.1,0,0,0.0979099,-0.000911152
0,0.4,0.4,0.1,0.1,0,0.0956981,0.0967043
0,0.4,0.5,-0.1,-0.1,0,-0.0948701,-0.093972
0,0.4,0.5,-0.1,0,0,-0.0961646,0.00288516
0,0.4,0.5,-0.1,0.1,0,-0.0973597,0.10013
0,0.4,0.5,0,-0.1,0,0.00311768,-0.0953177
0,0.4,0.5,0,0,0,0.0019672,0.000651796
0,0.4,0.5,0,0.1,0,-0.000298608,0.1
0,0.4,0.5,0.1,-0.1,0,0.101773,-0.0975365
0,0.4,0.5,0.1,0,0,0.100295,-1.4979e-08
0,0.4,0.5,0.1,0.1,0,0.0979084,0.0990855
0,0.5,-0.5,-0.1,-0.1,0,-0.0945178,-0.101983
0,0.5,-0.5,-0.1,0,0,-0.0938612,-0.00524014
0,0.5,-0.5,-0.1,0.1,0,-0.0925122,0.0924251
0,0.5,-0.5,0,-0.1,0,0.00266605,-0.100229
0,0.5,-0.5,0,0,0,0.00401207,-0.00277339
0,0.5,-0.5,0,0.1,0,0.00508745,0.0937381
0,0.5,-0.5,0.1,-0.1,0,0.0997003,-0.1
0,0.5,-0.5,0.1,0,0,0.101979,-0.000793708
0,0.5,-0.5,0.1,0.1,0,0.103074,0.0952076
0,0.5,-0.4,-0.1,-0.1,0,-0.0955621,-0.100321
0,0.5,-0.4,-0.1,0,0,-0.0945103,-0.00198776
0,0.5,-0.4,-0.1,0.1,0,-0.0938549,0.09476
0,0.5,-0.4,0,-0.1,0,0.000561518,-0.1
0,0.5,-0.4,0,0,0,0.00267115,-0.000244843
0,0.5,-0.4,0,0.1,0,0.00401923,0.0971989
0,0.5,-0.4,0.1,-0.1,0,0.0970463,-0.0999342
0,0.5,-0.4,0.1,0,0,0.0997003,2.63636e-09
0,0.5,-0.4,0.1,0.1,0,0.101981,0.0992041
0,0.5,-0.3,-0.1,-0.1,0,-0.0966765,-0.0999997
0,0.5,-0.3,-0.1,0,0,-0.0955739,-0.0003321
0,0.5,-0.3,-0.1,0.1,0,-0.0945134,0.0980073
0,0.5,-0.3,0,-0.1,0,-0.00185904,-0.1
0,0.5,-0.3,0,0,0,0.000562464,1.5304e-12
0,0.5,-0.3,0,0.1,0,0.00266814,0.099773
0,0.5,-0.3,0.1,-0.1,0,0.0946936,-0.0992701
0,0.5,-0.3,0.1,0,0,0.0970357,3.18613e-05
0,0.5,-0.3,0.1,0.1,0,0.0997003,0.1
0,0.5,-0.2,-0.1,-0.1,0,-0.0978364,-0.1
0,0.5,-0.2,-0.1,0,0,-0.0966803,2.40915e-07
0,0.5,-0.2,-0.1,0.1,0,-0.0955688,0.0996865
0,0.5,-0.2,0,-0.1,0,-0.00363292,-0.1
0,0.5,-0.2,0,0,0,-0.00185906,1.82773e-08
0,0.5,-0.2,0,0.1,0,0.000562498,0.1
0,0.5,-0.2,0.1,-0.1,0,0.0918903,-0.100033
0,0.5,-0.2,0.1,0,0,0.0946983,0.000726544
0,0.5,-0.2,0.1,0.1,0,0.0970458,0.100033
0,0.5,-0.1,-0.1,-0.1,0,-0.098298,-0.1
0,0.5,-0.1,-0.1,0,0,-0.097834,1.41916e-09
0,0.5,-0.1,-0.1,0.1,0,-0.0966802,0.1
0,0.5,-0.1,0,-0.1,0,-0.00435777,-0.1
0,0.5,-0.1,0,0,0,-0.00362774,1.85379e-08
0,0.5,-0.1,0,0.1,0,-0.00185922,0.1
0,0.5,-0.1,0.1,-0.1,0,0.0895847,-0.1
0,0.5,-0.1,0.1,0,0,0.0918928,-3.22597e-05
0,0.5,-0.1,0.1,0.1,0,0.0946943,0.100729
0,0.5,0,-0.1,-0.1,0,-0.0978385,-0.1
0,0.5,0,-0.1,0,0,-0.0982997,-1.66476e-13
0,0.5,0,-0.1,0.1,0,-0.0978352,0.1
0,0.5,0,0,-0.1,0,-0.00362715,-0.1
0,0.5,0,0,0,0,-0.00435777,-2.20105e-13
0,0.5,0,0,0.1,0,-0.00362789,0.1
0,0.5,0,0.1,-0.1,0,0.0918491,-0.0999412
0,0.5,0,0.1,0,0,0.0895846,-3.00324e-13
0,0.5,0,0.1,0.1,0,0.0918911,0.0999705
0,0.5,0.1,-0.1,-0.1,0,-0.0966691,-0.1
0,0.5,0.1,-0.1,0,0,-0.0978374,-6.66576e-10
0,0.5,0.1,-0.1,0.1,0,-0.098298,0.1
0,0.5,0.1,0,-0.1,0,-0.00185909,-0.1
0,0.5,0.1,0,0,0,-0.00362723,-2.55596e-08
0,0.5,0.1,0,0.1,0,-0.00435778,0.1
0,0.5,0.1,0.1,-0.1,0,0.0946749,-0.100846
0,0.5,0.1,0.1,0,0,0.0918469,4.63682e-05
0,0.5,0.1,0.1,0.1,0,0.0895848,0.1
0,0.5,0.2,-0.1,-0.1,0,-0.0956373,-0.0998426
0,0.5,0.2,-0.1,0,0,-0.0966826,-2.49385e-07
0,0.5,0.2,-0.1,0.1,0,-0.0978383,0.1
0,0.5,0.2,0,-0.1,0,0.000561607,-0.1
0,0.5,0.2,0,0,0,-0.0018589,-2.49241e-08
0,0.5,0.2,0,0.1,0,-0.00363963,0.1
0,0.5,0.2,0.1,-0.1,0,0.0970364,-0.10017
0,0.5,0.2,0.1,0,0,0.094672,-0.0008422
0,0.5,0.2,0.1,0.1,0,0.091844,0.100058
0,0.5,0.3,-0.1,-0.1,0,-0.0947161,-0.0978812
0,0.5,0.3,-0.1,0,0,-0.0956322,0.000139862
0,0.5,0.3,-0.1,0.1,0,-0.0966744,0.0999997
0,0.5,0.3,0,-0.1,0,0.00264022,-0.099915
0,0.5,0.3,0,0,0,0.000561625,-9.12803e-11
0,0.5,0.3,0,0.1,0,-0.00186134,0.1
0,0.5,0.3,0.1,-0.1,0,0.0997005,-0.1
0,0.5,0.3,0.1,0,0,0.0970258,-0.000166636
0,0.5,0.3,0.1,0.1,0,0.0946714,0.0991633
0,0.5,0.4,-0.1,-0.1,0,-0.0938067,-0.0949922
0,0.5,0.4,-0.1,0,0,-0.0947208,0.00212497
0,0.5,0.4,-0.1,0.1,0,-0.0956246,0.100147
0,0.5,0.4,0,-0.1,0,0.00385267,-0.0970764
0,0.5,0.4,0,0,0,0.00264704,0.000111858
0,0.5,0.4,0,0.1,0,0.000561615,0.1
0,0.5,0.4,0.1,-0.1,0,0.101961,-0.0993425
0,0.5,0.4,0.1,0,0,0.0997005,-2.62719e-09
0,0.5,0.4,0.1,0.1,0,0.0970356,0.09982
0,0.5,0.5,-0.1,-0.1,0,-0.0929724,-0.0954798
0,0.5,0.5,-0.1,0,0,-0.0938288,0.00499948
0,0.5,0.5,-0.1,0.1,0,-0.0947165,0.102118
0,0.5,0.5,0,-0.1,0,0.00513014,-0.0939787
0,0.5,0.5,0,0,0,0.00383364,0.00290375
0,0.5,0.5,0,0.1,0,0.00264681,0.100075
0,0.5,0.5,0.1,-0.1,0,0.103128,-0.095324
0,0.5,0.5,0.1,0,0,0.101956,0.000652259
0,0.5,0.5,0.1,0.1,0,0.0997006,0.1
1,0,0,-0.1,-0.1,1,0,0
1,0,0,-0.1,0,1,0,0
1,0,0,-0.1,0.1,1,0,0
1,0,0,0,-0.1,1,0,0
1,0,0,0,0,1,0,0
1,0,0,0,0.1,1,0,0
1,0,0,0.1,-0.1,1,0,0
1,0,0,0.1,0,1,0,0
1,0,0,0.1,0.1,1,0,0
2,1.5708,-0.1,-0.1,2,0.000384743,-0.0814102
2,1.5708,-0.1,0,2,-0.00649345,-7.11021e-12
2,1.5708,-0.1,0.1,2,0.000384767,0.0814103
2,1.5708,0,-0.1,2,0.0102311,-0.0976748
2,1.5708,0,0,2,2.78671e-08,2.34026e-10
2,1.5708,0,0.1,2,0.010231,0.0976747
2,1.5708,0.1,-0.1,2,0.0232117,-0.122585
2,1.5708,0.1,0,2,0.00649356,2.30052e-10
2,1.5708,0.1,0.1,2,0.0232117,0.122585
2,1.67913,-0.1,-0.1,2,0.000384743,-0.0814102
2,1.67913,-0.1,0,2,-0.00649345,1.30727e-11
2,1.67913,-0.1,0.1,2,0.000384767,0.0814103
2,1.67913,0,-0.1,2,0.0102311,-0.0976748
2,1.67913,0,0,2,5.57342e-08,2.28267e-10
2,1.67913,0,0.1,2,0.010231,0.0976747
2,1.67913,0.1,-0.1,2,0.0232117,-0.122585
2,1.67913,0.1,0,2,0.00649356,2.25469e-10
2,1.67913,0.1,0.1,2,0.0232117,0.122585
2,1.78746,-0.1,-0.1,2,0.000384743,-0.0814102
2,1.78746,-0.1,0,2,-0.00649345,2.81206e-11
2,1.78746,-0.1,0.1,2,0.000384767,0.0814103
2,1.78746,0,-0.1,2,0.0102311,-0.0976748
2,1.78746,0,0,2,5.57342e-08,2.19081e-10
2,1.78746,0,0.1,2,0.010231,0.0976747
2,1.78746,0.1,-0.1,2,0.0232117,-0.122585
2,1.78746,0.1,0,2,0.00649356,2.17041e-10
2,1.78746,0.1,0.1,2,0.0232117,0.122585
2,1.89579,-0.1,-0.1,2,0.000384743,-0.0814102
2,1.89579,-0.1,0,2,-0.00649345,3.88055e-11
2,1.89579,-0.1,0.1,2,0.000384766,0.0814103
2,1.89579,0,-0.1,2,0.0102311,-0.0976748
2,1.89579,0,0,2,5.57342e-08,2.07273e-10
2,1.89579,0,0.1,2,0.010231,0.0976747
2,1.89579,0.1,-0.1,2,0.0232117,-0.122585
2,1.89579,0.1,0,2,0.00649356,2.05721e-10
2,1.89579,0.1,0.1,2,0.0232117,0.122585
2,2.00412,-0.1,-0.1,2,0.000384743,-0.0814102
2,2.00412,-0.1,0,2,-0.00649345,4.57772e-11
2,2.00412,-0.1,0.1,2,0.000384767,0.0814103
2,2.00412,0,-0.1,2,0.0102311,-0.0976748
2,2.00412,0,0,2,5.57342e-08,1.93454e-10
2,2.00412,0,0.1,2,0.010231,0.0976747
2,2.00412,0.1,-0.1,2,0.0232117,-0.122585
2,2.00412,0.1,0,2,0.00649356,1.92218e-10
2,2.00412,0.1,0.1,2,0.0232117,0.122585
2,2.11245,-0.1,-0.1,2,0.000384743,-0.0814102
2,2.11245,-0.1,0,2,-0.00649345,4.95886e-11
2,2.11245,-0.1,0.1,2,0.000384767,0.0814103
2,2.11245,0,-0.1,2,0.0102311,-0.0976748
2,2.11245,0,0,2,5.57342e-08,1.78091e-10
2,2.11245,0,0.1,2,0.010231,0.0976747
2,2.11245,0.1,-0.1,2,0.0232117,-0.122585
2,2.11245,0.1,0,2,0.00649356,1.77065e-10
2,2.11245,0.1,0.1,2,0.0232117,0.122585
2,2.22078,-0.1,-0.1,2,0.000384743,-0.0814102
2,2.22078,-0.1,0,2,-0.00649345,5.07155e-11
2,2.22078,-0.1,0.1,2,0.000384767,0.0814103
2,2.22078,0,-0.1,2,0.0102311,-0.0976748
2,2.22078,0,0,2,5.57342e-08,1.61545e-10
2,2.22078,0,0.1,2,0.010231,0.0976747
2,2.22078,0.1,-0.1,2,0.0232117,-0.122585
2,2.22078,0.1,0,2,0.00649356,1.60666e-10
2,2.22078,0.1,0.1,2,0.0232117,0.122585
2,2.32911,-0.1,-0.1,2,0.000384743,-0.0814102
2,2.32911,-0.1,0,2,-0.00649348,4.95715e-11
2,2.32911,-0.1,0.1,2,0.000384767,0.0814103
2,2.32911,0,-0.1,2,0.0102311,-0.0976748
2,2.32911,0,0,2,5.57342e-08,1.44092e-10
2,2.32911,0,0.1,2,0.010231,0.0976747
2,2.32911,0.1,-0.1,2,0.0232117,-0.122585
2,2.32911,0.1,0,2,0.00649356,1.43327e-10
2,2.32911,0.1,0.1,2,0.0232117,0.122585
2,2.43744,-0.1,-0.1,2,0.000384743,-0.0814102
2,2.43744,-0.1,0,2,-0.00649345,4.65194e-11
2,2.43744,-0.1,0.1,2,0.000384768,0.0814103
2,2.43744,0,-0.1,2,0.0102311,-0.0976748
2,2.43744,0,0,2,5.57342e-08,1.25948e-10
2,2.43744,0,0.1,2,0.010231,0.0976747
2,2.43744,0.1,-0.1,2,0.0232117,-0.122585
2,2.43744,0.1,0,2,0.00649353,1.2528e-10
2,2.43744,0.1,0.1,2,0.0232117,0.122585
2,2.54577,-0.1,-0.1,2,0.000384743,-0.0814102
2,2.54577,-0.1,0,2,-0.00649348,4.18821e-11
2,2.54577,-0.1,0.1,2,0.00038477,0.0814102
2,2.54577,0,-0.1,2,0.0102311,-0.0976748
2,2.54577,0,0,2,5.57342e-08,1.07281e-10
2,2.54577,0,0.1,2,0.0102311,0.0976747
2,2.54577,0.1,-0.1,2,0.0232117,-0.122585
2,2.54577,0.1,0,2,0.00649356,1.06707e-10
2,2.54577,0.1,0.1,2,0.0232117,0.122585
2,2.6541,-0.1,-0.1,2,0.000384743,-0.0814102
2,2.6541,-0.1,0,2,-0.00649345,3.59515e-11
2,2.6541,-0.1,0.1,2,0.000384742,0.0814102
2,2.6541,0,-0.1,2,0.0102311,-0.0976747
2,2.6541,0,0,2,5.57342e-08,8.82235e-11
2,2.6541,0,0.1,2,0.0102311,0.0976748
2,2.6541,0.1,-0.1,2,0.0232117,-0.122585
2,2.6541,0.1,0,2,0.00649356,8.77449e-11
2,2.6541,0.1,0.1,2,0.0232117,0.122585
2,2.76243,-0.1,-0.1,2,0.000384744,-0.0814102
2,2.76243,-0.1,0,2,-0.00649345,2.89936e-11
2,2.76243,-0.1,0.1,2,0.000384743,0.0814102
2,2.76243,0,-0.1,2,0.010231,-0.0976747
2,2.76243,0,0,2,5.57342e-08,6.88797e-11
2,2.76243,0,0.1,2,0.0102311,0.0976748
2,2.76243,0.1,-0.1,2,0.0232117,-0.122585
2,2.76243,0.1,0,2,0.00649356,6.84999e-11
2,2.76243,0.1,0.1,2,0.0232117,0.122585
2,2.87077,-0.1,-0.1,2,0.000384772,-0.0814102
2,2.87077,-0.1,0,2,-0.00649345,2.12554e-11
2,2.87077,-0.1,0.1,2,0.000384772,0.0814102
2,2.87077,0,-0.1,2,0.010231,-0.0976747
2,2.87077,0,0,2,5.57342e-08,4.93327e-11
2,2.87077,0,0.1,2,0.0102311,0.0976747
2,2.87077,0.1,-0.1,2,0.0232117,-0.122585
2,2.87077,0.1,0,2,0.00649356,4.9057e-11
2,2.87077,0.1,0.1,2,0.0232117,0.122585
2,2.9791,-0.1,-0.1,2,0.000384767,-0.0814103
2,2.9791,-0.1,0,2,-0.00649345,1.29695e-11
2,2.9791,-0.1,0.1,2,0.000384769,0.0814103
2,2.9791,0,-0.1,2,0.0102311,-0.0976747
2,2.9791,0,0,2,5.57342e-08,2.96508e-11
2,2.9791,0,0.1,2,0.0102311,0.0976747
2,2.9791,0.1,-0.1,2,0.0232117,-0.122585
2,2.9791,0.1,0,2,0.00649356,2.94834e-11
2,2.9791,0.1,0.1,2,0.0232117,0.122585
2,3.08743,-0.1,-0.1,2,0.000384767,-0.0814103
2,3.08743,-0.1,0,2,-0.00649345,4.35905e-12
2,3.08743,-0.1,0.1,2,0.000384767,0.0814103
2,3.08743,0,-0.1,2,0.0102311,-0.0976747
2,3.08743,0,0,2,5.57342e-08,9.89191e-12
2,3.08743,0,0.1,2,0.010231,0.0976747
2,3.08743,0.1,-0.1,2,0.0232117,-0.122585
2,3.08743,0.1,0,2,0.00649356,9.83579e-12
2,3.08743,0.1,0.1,2,0.0232117,0.122585
2,3.19576,-0.1,-0.1,2,0.000384768,-0.0814103
2,3.19576,-0.1,0,2,-0.00649345,-4.35905e-12
2,3.19576,-0.1,0.1,2,0.000384767,0.0814103
2,3.19576,0,-0.1,2,0.010231,-0.0976747
2,3.19576,0,0,2,5.57342e-08,-9.89194e-12
2,3.19576,0,0.1,2,0.0102311,0.0976747
2,3.19576,0.1,-0.1,2,0.0232117,-0.122585
2,3.19576,0.1,0,2,0.00649356,-9.83582e-12
2,3.19576,0.1,0.1,2,0.0232117,0.122585
2,3.30409,-0.1,-0.1,2,0.000384772,-0.0814102
2,3.30409,-0.1,0,2,-0.00649345,-1.29695e-11
2,3.30409,-0.1,0.1,2,0.000384766,0.0814103
2,3.30409,0,-0.1,2,0.0102311,-0.0976747
2,3.30409,0,0,2,5.57342e-08,-2.96508e-11
2,3.30409,0,0.1,2,0.0102311,0.0976747
2,3.30409,0.1,-0.1,2,0.0232117,-0.122585
2,3.30409,0.1,0,2,0.00649356,-2.94834e-11
2,3.30409,0.1,0.1,2,0.0232117,0.122585
2,3.41242,-0.1,-0.1,2,0.000384772,-0.0814102
2,3.41242,-0.1,0,2,-0.00649345,-2.12554e-11
2,3.41242,-0.1,0.1,2,0.000384766,0.0814103
2,3.41242,0,-0.1,2,0.0102311,-0.0976747
2,3.41242,0,0,2,5.57342e-08,-4.93327e-11
2,3.41242,0,0.1,2,0.010231,0.0976747
2,3.41242,0.1,-0.1,2,0.0232117,-0.122585
2,3.41242,0.1,0,2,0.00649356,-4.90568e-11
2,3.41242,0.1,0.1,2,0.0232117,0.122585
2,3.52075,-0.1,-0.1,2,0.000384743,-0.0814102
2,3.52075,-0.1,0,2,-0.00649345,-2.89935e-11
2,3.52075,-0.1,0.1,2,0.000384744,0.0814102
2,3.52075,0,-0.1,2,0.0102311,-0.0976748
2,3.52075,0,0,2,5.57342e-08,-6.88797e-11
2,3.52075,0,0.1,2,0.010231,0.0976747
2,3.52075,0.1,-0.1,2,0.0232117,-0.122585
2,3.52075,0.1,0,2,0.00649356,-6.84998e-11
2,3.52075,0.1,0.1,2,0.0232117,0.122585
2,3.62908,-0.1,-0.1,2,0.000384742,-0.0814102
2,3.62908,-0.1,0,2,-0.00649345,-3.59515e-11
2,3.62908,-0.1,0.1,2,0.000384743,0.0814102
2,3.62908,0,-0.1,2,0.0102311,-0.0976748
2,3.62908,0,0,2,5.57342e-08,-8.82235e-11
2,3.62908,0,0.1,2,0.0102311,0.0976747
2,3.62908,0.1,-0.1,2,0.0232117,-0.122585
2,3.62908,0.1,0,2,0.00649356,-8.77449e-11
2,3.62908,0.1,0.1,2,0.0232117,0.122585
2,3.73741,-0.1,-0.1,2,0.00038477,-0.0814102
2,3.73741,-0.1,0,2,-0.00649348,-4.1882e-11
2,3.73741,-0.1,0.1,2,0.000384743,0.0814102
2,3.73741,0,-0.1,2,0.0102311,-0.0976747
2,3.73741,0,0,2,5.57342e-08,-1.07281e-10
2,3.73741,0,0.1,2,0.0102311,0.0976748
2,3.73741,0.1,-0.1,2,0.0232117,-0.122585
2,3.73741,0.1,0,2,0.00649356,-1.06707e-10
2,3.73741,0.1,0.1,2,0.0232117,0.122585
2,3.84574,-0.1,-0.1,2,0.000384768,-0.0814103
2,3.84574,-0.1,0,2,-0.00649345,-4.65193e-11
2,3.84574,-0.1,0.1,2,0.000384743,0.0814102
2,3.84574,0,-0.1,2,0.010231,-0.0976747
2,3.84574,0,0,2,5.57342e-08,-1.25948e-10
2,3.84574,0,0.1,2,0.0102311,0.0976748
2,3.84574,0.1,-0.1,2,0.0232117,-0.122585
2,3.84574,0.1,0,2,0.00649353,-1.2528e-10
2,3.84574,0.1,0.1,2,0.0232117,0.122585
2,3.95407,-0.1,-0.1,2,0.000384768,-0.0814103
2,3.95407,-0.1,0,2,-0.00649348,-4.95715e-11
2,3.95407,-0.1,0.1,2,0.000384743,0.0814102
2,3.95407,0,-0.1,2,0.010231,-0.0976747
2,3.95407,0,0,2,5.57342e-08,-1.44092e-10
2,3.95407,0,0.1,2,0.0102311,0.0976748
2,3.95407,0.1,-0.1,2,0.0232117,-0.122585
2,3.95407,0.1,0,2,0.00649356,-1.43327e-10
2,3.95407,0.1,0.1,2,0.0232117,0.122585
2,4.0624,-0.1,-0.1,2,0.000384767,-0.0814103
2,4.0624,-0.1,0,2,-0.00649345,-5.07155e-11
2,4.0624,-0.1,0.1,2,0.000384743,0.0814102
2,4.0624,0,-0.1,2,0.010231,-0.0976747
2,4.0624,0,0,2,5.57342e-08,-1.61545e-10
2,4.0624,0,0.1,2,0.0102311,0.0976748
2,4.0624,0.1,-0.1,2,0.0232117,-0.122585
2,4.0624,0.1,0,2,0.00649356,-1.60666e-10
2,4.0624,0.1,0.1,2,0.0232117,0.122585
2,4.17074,-0.1,-0.1,2,0.000384767,-0.0814103
2,4.17074,-0.1,0,2,-0.00649345,-4.95886e-11
2,4.17074,-0.1,0.1,2,0.000384743,0.0814102
2,4.17074,0,-0.1,2,0.010231,-0.0976747
2,4.17074,0,0,2,5.57342e-08,-1.78091e-10
2,4.17074,0,0.1,2,0.0102311,0.0976748
2,4.17074,0.1,-0.1,2,0.0232117,-0.122585
2,4.17074,0.1,0,2,0.00649356,-1.77065e-10
2,4.17074,0.1,0.1,2,0.0232117,0.122585
2,4.27907,-0.1,-0.1,2,0.000384767,-0.0814103
2,4.27907,-0.1,0,2,-0.00649345,-4.5777e-11
2,4.27907,-0.1,0.1,2,0.000384743,0.0814102
2,4.27907,0,-0.1,2,0.010231,-0.0976747
2,4.27907,0,0,2,5.57342e-08,-1.93454e-10
2,4.27907,0,0.1,2,0.0102311,0.0976748
2,4.27907,0.1,-0.1,2,0.0232117,-0.122585
2,4.27907,0.1,0,2,0.00649356,-1.92218e-10
2,4.27907,0.1,0.1,2,0.0232117,0.122585
2,4.3874,-0.1,-0.1,2,0.000384766,-0.0814103
2,4.3874,-0.1,0,2,-0.00649345,-3.88058e-11
2,4.3874,-0.1,0.1,2,0.000384743,0.0814102
2,4.3874,0,-0.1,2,0.010231,-0.0976747
2,4.3874,0,0,2,5.57342e-08,-2.07272e-10
2,4.3874,0,0.1,2,0.0102311,0.0976748
2,4.3874,0.1,-0.1,2,0.0232117,-0.122585
2,4.3874,0.1,0,2,0.00649356,-2.05721e-10
2,4.3874,0.1,0.1,2,0.0232117,0.122585
2,4.49573,-0.1,-0.1,2,0.000384767,-0.0814103
2,4.49573,-0.1,0,2,-0.00649345,-2.8121e-11
2,4.49573,-0.1,0.1,2,0.000384743,0.0814102
2,4.49573,0,-0.1,2,0.010231,-0.0976747
2,4.49573,0,0,2,5.57342e-08,-2.1908e-10
2,4.49573,0,0.1,2,0.0102311,0.0976748
2,4.49573,0.1,-0.1,2,0.0232117,-0.122585
2,4.49573,0.1,0,2,0.00649356,-2.17041e-10
2,4.49573,0.1,0.1,2,0.0232117,0.122585
2,4.60406,-0.1,-0.1,2,0.000384767,-0.0814103
2,4.60406,-0.1,0,2,-0.00649345,-1.30728e-11
2,4.60406,-0.1,0.1,2,0.000384743,0.0814102
2,4.60406,0,-0.1,2,0.010231,-0.0976747
2,4.60406,0,0,2,5.57342e-08,-2.28267e-10
2,4.60406,0,0.1,2,0.0102311,0.0976748
2,4.60406,0.1,-0.1,2,0.0232117,-0.122585
2,4.60406,0.1,0,2,0.00649356,-2.25469e-10
2,4.60406,0.1,0.1,2,0.0232117,0.122585
2,4.71239,-0.1,-0.1,2,0.000384767,-0.0814103
2,4.71239,-0.1,0,2,-0.00649345,7.11021e-12
2,4.71239,-0.1,0.1,2,0.000384743,0.0814102
2,4.71239,0,-0.1,2,0.010231,-0.0976747
2,4.71239,0,0,2,2.78671e-08,-2.34026e-10
2,4.71239,0,0.1,2,0.0102311,0.0976748
2,4.71239,0.1,-0.1,2,0.0232117,-0.122585
2,4.71239,0.1,0,2,0.00649356,-2.30052e-10
2,4.71239,0.1,0.1,2,0.0232117,0.122585
3,-0.3,-0.1,-0.1,3,-0.1,-0.00649358
3,-0.3,-0.1,0,3,-0.1,0
3,-0.3,-0.1,0.1,3,-0.1,0.00649358
3,-0.3,0,-0.1,3,-4.23203e-07,-0.00649358
3,-0.3,0,0,3,-4.23203e-07,0
3,-0.3,0,0.1,3,-4.23203e-07,0.00649358
3,-0.3,0.1,-0.1,3,0.1,-0.00649358
3,-0.3,0.1,0,3,0.1,0
3,-0.3,0.1,0.1,3,0.1,0.00649358
3,-0.27931,-0.1,-0.1,3,-0.1,-0.00649358
3,-0.27931,-0.1,0,3,-0.1,0
3,-0.27931,-0.1,0.1,3,-0.1,0.00649358
3,-0.27931,0,-0.1,3,-3.29464e-07,-0.00649358
3,-0.27931,0,0,3,-3.29464e-07,0
3,-0.27931,0,0.1,3,-3.29464e-07,0.00649358
3,-0.27931,0.1,-0.1,3,0.1,-0.00649358
3,-0.27931,0.1,0,3,0.1,0
3,-0.27931,0.1,0.1,3,0.1,0.00649358
3,-0.258621,-0.1,-0.1,3,-0.1,-0.00649358
3,-0.258621,-0.1,0,3,-0.1,0
3,-0.258621,-0.1,0.1,3,-0.1,0.00649358
3,-0.258621,0,-0.1,3,-1.99221e-08,-0.00649358
3,-0.258621,0,0,3,-1.99221e-08,0
3,-0.258621,0,0.1,3,-1.99221e-08,0.00649358
3,-0.258621,0.1,-0.1,3,0.1,-0.00649358
3,-0.258621,0.1,0,3,0.1,0
3,-0.258621,0.1,0.1,3,0.1,0.00649358
3,-0.237931,-0.1,-0.1,3,-0.1,-0.00649358
3,-0.237931,-0.1,0,3,-0.1,0
3,-0.237931,-0.1,0.1,3,-0.1,0.00649358
3,-0.237931,0,-0.1,3,-5.42249e-08,-0.00649358
3,-0.237931,0,0,3,-5.42249e-08,0
3,-0.237931,0,0.1,3,-5.42249e-08,0.00649358
3,-0.237931,0.1,-0.1,3,0.1,-0.00649358
3,-0.237931,0.1,0,3,0.1,0
3,-0.237931,0.1,0.1,3,0.1,0.00649358
3,-0.217241,-0.1,-0.1,3,-0.1,-0.00649358
3,-0.217241,-0.1,0,3,-0.1,0
3,-0.217241,-0.1,0.1,3,-0.1,0.00649358
3,-0.217241,0,-0.1,3,-5.51223e-08,-0.00649358
3,-0.217241,0,0,3,-5.51223e-08,0
3,-0.217241,0,0.1,3,-5.51223e-08,0.00649358
3,-0.217241,0.1,-0.1,3,0.0999994,-0.00649358
3,-0.217241,0.1,0,3,0.0999994,0
3,-0.217241,0.1,0.1,3,0.0999994,0.00649358
3,-0.196552,-0.1,-0.1,3,-0.1,-0.00649358
3,-0.196552,-0.1,0,3,-0.1,0
3,-0.196552,-0.1,0.1,3,-0.1,0.00649358
3,-0.196552,0,-0.1,3,-5.57535e-08,-0.00649358
3,-0.196552,0,0,3,-5.57535e-08,0
3,-0.196552,0,0.1,3,-5.57535e-08,0.00649358
3,-0.196552,0.1,-0.1,3,0.0999996,-0.00649358
3,-0.196552,0.1,0,3,0.0999996,0
3,-0.196552,0.1,0.1,3,0.0999996,0.00649358
3,-0.175862,-0.1,-0.1,3,-0.0999998,-0.00649358
3,-0.175862,-0.1,0,3,-0.0999998,0
3,-0.175862,-0.1,0.1,3,-0.0999998,0.00649358
3,-0.175862,0,-0.1,3,-5.63578e-08,-0.00649358
3,-0.175862,0,0,3,-5.63578e-08,0
3,-0.175862,0,0.1,3,-5.63578e-08,0.00649358
3,-0.175862,0.1,-0.1,3,0.0999996,-0.00649358
3,-0.175862,0.1,0,3,0.0999996,0
3,-0.175862,0.1,0.1,3,0.0999996,0.00649358
3,-0.155172,-0.1,-0.1,3,-0.0999999,-0.00649358
3,-0.155172,-0.1,0,3,-0.0999999,0
3,-0.155172,-0.1,0.1,3,-0.0999999,0.00649358
3,-0.155172,0,-0.1,3,-5.65129e-08,-0.00649358
3,-0.155172,0,0,3,-5.65129e-08,0
3,-0.155172,0,0.1,3,-5.65129e-08,0.00649358
3,-0.155172,0.1,-0.1,3,0.0999999,-0.00649358
3,-0.155172,0.1,0,3,0.0999999,0
3,-0.155172,0.1,0.1,3,0.0999999,0.00649358
3,-0.134483,-0.1,-0.1,3,-0.0999999,-0.00649358
3,-0.134483,-0.1,0,3,-0.0999999,0
3,-0.134483,-0.1,0.1,3,-0.0999999,0.00649358
3,-0.134483,0,-0.1,3,-5.71999e-08,-0.00649358
3,-0.134483,0,0,3,-5.71999e-08,0
3,-0.134483,0,0.1,3,-5.71999e-08,0.00649358
3,-0.134483,0.1,-0.1,3,0.0999999,-0.00649358
3,-0.134483,0.1,0,3,0.0999999,0
3,-0.134483,0.1,0.1,3,0.0999999,0.00649358
3,-0.113793,-0.1,-0.1,3,-0.1,-0.00649358
3,-0.113793,-0.1,0,3,-0.1,0
3,-0.113793,-0.1,0.1,3,-0.1,0.00649358
3,-0.113793,0,-0.1,3,-5.98851e-08,-0.00649358
3,-0.113793,0,0,3,-5.98851e-08,0
3,-0.113793,0,0.1,3,-5.98851e-08,0.00649358
3,-0.113793,0.1,-0.1,3,0.0999999,-0.00649358
3,-0.113793,0.1,0,3,0.0999999,0
3,-0.113793,0.1,0.1,3,0.0999999,0.00649358
3,-0.0931034,-0.1,-0.1,3,-0.0999999,-0.00649358
3,-0.0931034,-0.1,0,3,-0.0999999,0
3,-0.0931034,-0.1,0.1,3,-0.0999999,0.00649358
3,-0.0931034,0,-0.1,3,-6.27333e-08,-0.00649358
3,-0.0931034,0,0,3,-6.27333e-08,0
3,-0.0931034,0,0.1,3,-6.27333e-08,0.00649358
3,-0.0931034,0.1,-0.1,3,0.0999999,-0.00649358
3,-0.0931034,0.1,0,3,0.0999999,0
3,-0.0931034,0.1,0.1,3,0.0999999,0.00649358
3,-0.0724138,-0.1,-0.1,3,-0.1,-0.00649358
3,-0.0724138,-0.1,0,3,-0.1,0
3,-0.0724138,-0.1,0.1,3,-0.1,0.00649358
3,-0.0724138,0,-0.1,3,1.84095e-07,-0.00649358
3,-0.0724138,0,0,3,1.84095e-07,0
3,-0.0724138,0,0.1,3,1.84095e-07,0.00649358
3,-0.0724138,0.1,-0.1,3,0.0999999,-0.00649358
3,-0.0724138,0.1,0,3,0.0999999,0
3,-0.0724138,0.1,0.1,3,0.0999999,0.00649358
3,-0.0517241,-0.1,-0.1,3,-0.1,-0.00649358
3,-0.0517241,-0.1,0,3,-0.1,0
3,-0.0517241,-0.1,0.1,3,-0.1,0.00649358
3,-0.0517241,0,-0.1,3,3.15679e-08,-0.00649358
3,-0.0517241,0,0,3,3.15679e-08,0
3,-0.0517241,0,0.1,3,3.15679e-08,0.00649358
3,-0.0517241,0.1,-0.1,3,0.0999999,-0.00649358
3,-0.0517241,0.1,0,3,0.0999999,0
3,-0.0517241,0.1,0.1,3,0.0999999,0.00649358
3,-0.0310345,-0.1,-0.1,3,-0.1,-0.00649358
3,-0.0310345,-0.1,0,3,-0.1,0
3,-0.0310345,-0.1,0.1,3,-0.1,0.00649358
3,-0.0310345,0,-0.1,3,3.33601e-08,-0.00649358
3,-0.0310345,0,0,3,3.33601e-08,0
3,-0.0310345,0,0.1,3,3.33601e-08,0.00649358
3,-0.0310345,0.1,-0.1,3,0.0999999,-0.00649358
3,-0.0310345,0.1,0,3,0.0999999,0
3,-0.0310345,0.1,0.1,3,0.0999999,0.00649358
3,-0.0103448,-0.1,-0.1,3,-0.0999998,-0.00649358
3,-0.0103448,-0.1,0,3,-0.0999998,0
3,-0.0103448,-0.1,0.1,3,-0.0999998,0.00649358
3,-0.0103448,0,-0.1,3,-1.80822e-08,-0.00649358
3,-0.0103448,0,0,3,-1.80822e-08,0
3,-0.0103448,0,0.1,3,-1.80822e-08,0.00649358
3,-0.0103448,0.1,-0.1,3,0.0999999,-0.00649358
3,-0.0103448,0.1,0,3,0.0999999,0
3,-0.0103448,0.1,0.1,3,0.0999999,0.00649358
3,0.0103448,-0.1,-0.1,3,-0.0999999,-0.00649358
3,0.0103448,-0.1,0,3,-0.0999999,0
3,0.0103448,-0.1,0.1,3,-0.0999999,0.00649358
3,0.0103448,0,-0.1,3,1.80837e-08,-0.00649358
3,0.0103448,0,0,3,1.80837e-08,0
3,0.0103448,0,0.1,3,1.80837e-08,0.00649358
3,0.0103448,0.1,-0.1,3,0.0999998,-0.00649358
3,0.0103448,0.1,0,3,0.0999998,0
3,0.0103448,0.1,0.1,3,0.0999998,0.00649358
3,0.0310345,-0.1,-0.1,3,-0.0999999,-0.00649358
3,0.0310345,-0.1,0,3,-0.0999999,0
3,0.0310345,-0.1,0.1,3,-0.0999999,0.00649358
3,0.0310345,0,-0.1,3,-3.33628e-08,-0.00649358
3,0.0310345,0,0,3,-3.33628e-08,0
3,0.0310345,0,0.1,3,-3.33628e-08,0.00649358
3,0.0310345,0.1,-0.1,3,0.1,-0.00649358
3,0.0310345,0.1,0,3,0.1,0
3,0.0310345,0.1,0.1,3,0.1,0.00649358
3,0.0517241,-0.1,-0.1,3,-0.0999999,-0.00649358
3,0.0517241,-0.1,0,3,-0.0999999,0
3,0.0517241,-0.1,0.1,3,-0.0999999,0.00649358
3,0.0517241,0,-0.1,3,-3.15615e-08,-0.00649358
3,0.0517241,0,0,3,-3.15615e-08,0
3,0.0517241,0,0.1,3,-3.15615e-08,0.00649358
3,0.0517241,0.1,-0.1,3,0.1,-0.00649358
3,0.0517241,0.1,0,3,0.1,0
3,0.0517241,0.1,0.1,3,0.1,0.00649358
3,0.0724138,-0.1,-0.1,3,-0.0999999,-0.00649358
3,0.0724138,-0.1,0,3,-0.0999999,0
3,0.0724138,-0.1,0.1,3,-0.0999999,0.00649358
3,0.0724138,0,-0.1,3,-1.83667e-07,-0.00649358
3,0.0724138,0,0,3,-1.83667e-07,0
3,0.0724138,0,0.1,3,-1.83667e-07,0.00649358
3,0.0724138,0.1,-0.1,3,0.1,-0.00649358
3,0.0724138,0.1,0,3,0.1,0
3,0.0724138,0.1,0.1,3,0.1,0.00649358
3,0.0931034,-0.1,-0.1,3,-0.0999999,-0.00649358
3,0.0931034,-0.1,0,3,-0.0999999,0
3,0.0931034,-0.1,0.1,3,-0.0999999,0.00649358
3,0.0931034,0,-0.1,3,6.27334e-08,-0.00649358
3,0.0931034,0,0,3,6.27334e-08,0
3,0.0931034,0,0.1,3,6.27334e-08,0.00649358
3,0.0931034,0.1,-0.1,3,0.0999999,-0.00649358
3,0.0931034,0.1,0,3,0.0999999,0
3,0.0931034,0.1,0.1,3,0.0999999,0.00649358
3,0.113793,-0.1,-0.1,3,-0.0999999,-0.00649358
3,0.113793,-0.1,0,3,-0.0999999,0
3,0.113793,-0.1,0.1,3,-0.0999999,0.00649358
3,0.113793,0,-0.1,3,5.98723e-08,-0.00649358
3,0.113793,0,0,3,5.98723e-08,0
3,0.113793,0,0.1,3,5.98723e-08,0.00649358
3,0.113793,0.1,-0.1,3,0.1,-0.00649358
3,0.113793,0.1,0,3,0.1,0
3,0.113793,0.1,0.1,3,0.1,0.00649358
3,0.134483,-0.1,-0.1,3,-0.0999999,-0.00649358
3,0.134483,-0.1,0,3,-0.0999999,0
3,0.134483,-0.1,0.1,3,-0.0999999,0.00649358
3,0.134483,0,-0.1,3,5.72016e-08,-0.00649358
3,0.134483,0,0,3,5.72016e-08,0
3,0.134483,0,0.1,3,5.72016e-08,0.00649358
3,0.134483,0.1,-0.1,3,0.0999999,-0.00649358
3,0.134483,0.1,0,3,0.0999999,0
3,0.134483,0.1,0.1,3,0.0999999,0.00649358
3,0.155172,-0.1,-0.1,3,-0.0999999,-0.00649358
3,0.155172,-0.1,0,3,-0.0999999,0
3,0.155172,-0.1,0.1,3,-0.0999999,0.00649358
3,0.155172,0,-0.1,3,5.6519e-08,-0.00649358
3,0.155172,0,0,3,5.6519e-08,0
3,0.155172,0,0.1,3,5.6519e-08,0.00649358
3,0.155172,0.1,-0.1,3,0.0999999,-0.00649358
3,0.155172,0.1,0,3,0.0999999,0
3,0.155172,0.1,0.1,3,0.0999999,0.00649358
3,0.175862,-0.1,-0.1,3,-0.0999996,-0.00649358
3,0.175862,-0.1,0,3,-0.0999996,0
3,0.175862,-0.1,0.1,3,-0.0999996,0.00649358
3,0.175862,0,-0.1,3,5.63613e-08,-0.00649358
3,0.175862,0,0,3,5.63613e-08,0
3,0.175862,0,0.1,3,5.63613e-08,0.00649358
3,0.175862,0.1,-0.1,3,0.0999998,-0.00649358
3,0.175862,0.1,0,3,0.0999998,0
3,0.175862,0.1,0.1,3,0.0999998,0.00649358
3,0.196552,-0.1,-0.1,3,-0.0999996,-0.00649358
3,0.196552,-0.1,0,3,-0.0999996,0
3,0.196552,-0.1,0.1,3,-0.0999996,0.00649358
3,0.196552,0,-0.1,3,5.57581e-08,-0.00649358
3,0.196552,0,0,3,5.57581e-08,0
3,0.196552,0,0.1,3,5.57581e-08,0.00649358
3,0.196552,0.1,-0.1,3,0.1,-0.00649358
3,0.196552,0.1,0,3,0.1,0
3,0.196552,0.1,0.1,3,0.1,0.00649358
3,0.217241,-0.1,-0.1,3,-0.0999994,-0.00649358
3,0.217241,-0.1,0,3,-0.0999994,0
3,0.217241,-0.1,0.1,3,-0.0999994,0.00649358
3,0.217241,0,-0.1,3,5.5124e-08,-0.00649358
3,0.217241,0,0,3,5.5124e-08,0
3,0.217241,0,0.1,3,5.5124e-08,0.00649358
3,0.217241,0.1,-0.1,3,0.1,-0.00649358
3,0.217241,0.1,0,3,0.1,0
3,0.217241,0.1,0.1,3,0.1,0.00649358
3,0.237931,-0.1,-0.1,3,-0.1,-0.00649358
3,0.237931,-0.1,0,3,-0.1,0
3,0.237931,-0.1,0.1,3,-0.1,0.00649358
3,0.237931,0,-0.1,3,5.42417e-08,-0.00649358
3,0.237931,0,0,3,5.42417e-08,0
3,0.237931,0,0.1,3,5.42417e-08,0.00649358
3,0.237931,0.1,-0.1,3,0.1,-0.00649358
3,0.237931,0.1,0,3,0.1,0
3,0.237931,0.1,0.1,3,0.1,0.00649358
3,0.258621,-0.1,-0.1,3,-0.1,-0.00649358
3,0.258621,-0.1,0,3,-0.1,0
3,0.258621,-0.1,0.1,3,-0.1,0.00649358
3,0.258621,0,-0.1,3,1.99143e-08,-0.00649358
3,0.258621,0,0,3,1.99143e-08,0
3,0.258621,0,0.1,3,1.99143e-08,0.00649358
3,0.258621,0.1,-0.1,3,0.1,-0.00649358
3,0.258621,0.1,0,3,0.1,0
3,0.258621,0.1,0.1,3,0.1,0.00649358
3,0.27931,-0.1,-0.1,3,-0.1,-0.00649358
3,0.27931,-0.1,0,3,-0.1,0
3,0.27931,-0.1,0.1,3,-0.1,0.00649358
3,0.27931,0,-0.1,3,3.29441e-07,-0.00649358
3,0.27931,0,0,3,3.29441e-07,0
3,0.27931,0,0.1,3,3.29441e-07,0.00649358
3,0.27931,0.1,-0.1,3,0.1,-0.00649358
3,0.27931,0.1,0,3,0.1,0
3,0.27931,0.1,0.1,3,0.1,0.00649358
3,0.3,-0.1,-0.1,3,-0.1,-0.00649358
3,0.3,-0.1,0,3,-0.1,-8.20038e-28
3,0.3,-0.1,0.1,3,-0.1,0.00649358
3,0.3,0,-0.1,3,4.22873e-07,-0.00649358
3,0.3,0,0,3,4.22873e-07,0
3,0.3,0,0.1,3,4.22873e-07,0.00649358
3,0.3,0.1,-0.1,3,0.1,-0.00649358
3,0.3,0.1,0,3,0.1,0
3,0.3,0.1,0.1,3,0.1,0.00649358
